GIGABYTE GeForce GT 1030 DirectX 12 GV-N1030OC-2GI 2GB 64-Bit GDDR5 PCI Express x16 Video Card,88.99,$3.99 Shipping
GIGABYTE Radeon RX 570 DirectX 12 GV-RX570GAMING-8GD Rev 2.0 8GB 256-Bit GDDR5 PCI Express 3.0 x16 CrossFireX Support ATX Video Card,199.99,$3.99 Shipping
ASUS ROG Strix Radeon RX 570 DirectX 12 ROG-STRIX-RX570-O8G-GAMING 8GB 256-Bit GDDR5 PCI Express 3.0 HDCP Ready Video Card,214.99,$3.99 Shipping
"GIGABYTE Radeon RX 580 GAMING 8G (rev. 2.0) Graphics Card, PCIe 3.0, 8GB 256-Bit GDDR5, GV-RX580GAMING-8GD REV2.0 Video Card",219.99,$6.99 Shipping
MSI GeForce GTX 1660 SUPER DirectX 12 GTX 1660 SUPER GAMING X 6GB 192-Bit GDDR6 PCI Express 3.0 x16 HDCP Ready Video Card,399.99,$45.00 Shipping
MSI GeForce GTX 1660 SUPER DirectX 12 GTX 1660 SUPER VENTUS XS OC 6GB 192-Bit GDDR6 PCI Express 3.0 x16 HDCP Ready Video Card,435.99,Free Shipping
MSI GeForce GT 1030 DirectX 12 GT 1030 2G LP OC 2GB 64-Bit GDDR5 PCI Express 3.0 x16 (uses x4) HDCP Ready Low Profile Video Card,84.99,$1.99 Shipping
ASUS ROG STRIX GeForce RTX 2060 SUPER ROG-STRIX-RTX2060S-A8G-EVO-V2-GAMING 8GB 256-Bit GDDR6 PCI Express 3.0 HDCP Ready Video Card,734.99,Free Shipping
GIGABYTE GeForce RTX 2070 SUPER DirectX 12 GV-N207SWF3-8GC 8GB 256-Bit GDDR6 PCI Express 3.0 x16 SLI Support ATX Video Card,899.99,Free Shipping
MSI GeForce GTX 1650 SUPER DirectX 12 GTX 1650 Super Gaming X 4GB 128-Bit GDDR6 PCI Express 3.0 x16 HDCP Ready Video Card,355.19,Free Shipping
Coloful GTX950-Twin-2GD5 Graphics Card 128bit 6600MHZ GDDR5 Second- hand,129.27,Free Shipping
MSI GeForce GT 710 DirectX 12 GT 710 1GD3H LP 1GB 64-Bit DDR3 PCI Express 2.0 x16 HDCP Ready Low Profile Video Card,29.99,Free Shipping
GIGABYTE GeForce GTX 1660 SUPER DirectX 12 GV-N166SGAMING OC-6GD 6GB 192-Bit GDDR6 PCI Express 3.0 x16 ATX Video Card,484.99,Free Shipping
ASUS TUF Gaming GeForce GTX 1660 SUPER Overclocked 6GB Edition HDMI DP DVI Gaming Graphics Card (TUF-GTX1660S-O6G-GAMING),378.99,$45.00 Shipping
ASUS ROG STRIX GeForce RTX 2060 DirectX 12 ROG-STRIX-RTX2060-A6G-GAMING 6GB 192-Bit GDDR6 PCI Express 3.0 HDCP Ready Video Card,685.99,Free Shipping
MSI GeForce GTX 1050 Ti DirectX 12 GTX 1050 Ti GAMING X 4G 4GB 128-Bit GDDR5 PCI Express 3.0 x16 HDCP Ready ATX Video Card,179.99,$6.99 Shipping
ASUS Turbo GeForce RTX 2080 SUPER TURBO-RTX2080S-8G-EVO 8GB 256-Bit GDDR6 PCI Express 3.0 HDCP Ready SLI Support Video Card,"1,249.99",Free Shipping
EVGA 200 GeForce 210 DirectX 10.1 01G-P3-1312-LR 1GB 64-Bit DDR3 PCI Express 2.0 x16 HDCP Ready Low Profile Video Card,38.84,Free Shipping
"GIGABYTE GeForce GTX 1660 Ti OC 6G Graphics Card, 2 x WINDFORCE Fans, 6GB 192-Bit GDDR6, GV-N166TOC-6GD Video Card",435.97,Free Shipping
ASUS ROG STRIX GeForce RTX 2060 DirectX 12 ROG-STRIX-RTX2060-O6G-EVO-GAMING 6GB 192-Bit GDDR6 PCI Express 3.0 HDCP Ready Video Card,689.99,Free Shipping
MSI Radeon RX 580 DirectX 12 RX 580 ARMOR 8G OC 8GB 256-Bit GDDR5 PCI Express x16 HDCP Ready CrossFireX Support Video Card,246.99,Free Shipping
"GIGABYTE GeForce RTX 2060 SUPER GAMING OC 3X 8G Graphics Card, 3 x WINDFORCE Fans, 8GB 256-Bit GDDR6, GV-N206SGAMING OC-8GD Video Card",569.99,$45.00 Shipping
ASUS TUF Gaming GeForce RTX 3070 DirectX 12 TUF-RTX3070-O8G-GAMING 8GB 256-Bit GDDR6 PCI Express 4.0 HDCP Ready Video Card,NA,
ASUS ROG STRIX GeForce RTX 2060 SUPER DirectX 12 ROG-STRIX-RTX2060S-A8G-GAMING 8GB 256-Bit GDDR6 PCI Express 3.0 HDCP Ready Video Card,709.99,Free Shipping
"GIGABYTE AORUS GeForce RTX 2060 Super 8G Graphics Card, WINDFORCE Stack, 8GB 256-Bit GDDR6, GV-N206SAORUS-8GC Video Card",772.99,Free Shipping
EVGA GeForce GT 710 DirectX 12 02G-P3-2717-KR 2GB 64-Bit DDR3 PCI Express 2.0 Video Card,50.65,Free Shipping
MSI GeForce RTX 2060 DirectX 12 RTX 2060 VENTUS XS 6G OC 6GB 192-Bit GDDR6 PCI Express 3.0 x16 HDCP Ready Video Card,739.00,Free Shipping
GIGABYTE GeForce RTX 2070 SUPER DirectX 12 GV-N207SWF3-8GD 8GB 256-Bit GDDR6 PCI Express 3.0 x16 SLI Support ATX Video Card,889.99,Free Shipping
"GIGABYTE Geforce RTX 2060 OC 6G Graphics Card, 2 x WINDFORCE Fans, 6GB 192-Bit GDDR6, GV-N2060OC-6GD Video Card",595.99,Free Shipping
ASUS Turbo GeForce RTX 2060 SUPER TURBO-RTX2060S-8G-EVO 8GB 256-Bit GDDR6 PCI Express 3.0 HDCP Ready Video Card,569.99,$45.00 Shipping
MSI GeForce GTX 1050 Ti DirectX 12 GTX 1050 Ti 4GT OC 4GB 128-Bit GDDR5 PCI Express 3.0 x16 HDCP Ready ATX Video Card,234.86,Free Shipping
GIGABYTE GeForce RTX 2060 SUPER DirectX 12 GV-N206SWF2-8GD 8GB 256-Bit GDDR6 PCI Express 3.0 x16 ATX Video Card,699.99,Free Shipping
ASUS ROG Strix GeForce RTX 2080 Ti DirectX 12 ROG-STRIX-RTX2080TI-O11G-GAMING 11GB 352-Bit GDDR6 PCI Express 3.0 HDCP Ready SLI Support Video Card,"1,479.99",$75.00 Shipping
"EVGA GeForce GTX 1060 GAMING, ACX 2.0 (Single Fan), 03G-P4-6160-KR, 3GB GDDR5, DX12 OSD Support (PXOC), Only 6.8 Inches",384.20,$37.00 Shipping
ASUS ROG Strix GeForce RTX 2080 Ti DirectX 12 ROG-STRIX-RTX2080TI-11G-GAMING 11GB 352-Bit GDDR6 PCI Express 3.0 HDCP Ready SLI Support Video Card,"1,479.99",$75.00 Shipping
"GIGABYTE GeForce GT 1030 Low Profile 2GB, GV-N1030D5-2GL",84.49,$4.99 Shipping
"GIGABYTE GeForce RTX 2070 Super WINDFORCE OC 3X 8G Graphics Card, 3 x WINDFORCE Fans, 8GB 256-Bit GDDR6, GV-N207SWF3OC-8GD Video Card",889.48,Free Shipping
