,0
list details page,"129 ""best of"" book lists"
Marcel Proust,In Search of Lost Time 
James Joyce,Ulysses
Miguel de Cervantes,Don Quixote
Gabriel Garcia Marquez,One Hundred Years of Solitude 
F. Scott Fitzgerald,The Great Gatsby 
Herman Melville,Moby Dick
Leo Tolstoy,War and Peace
William Shakespeare,Hamlet
Homer,The Odyssey
Gustave Flaubert,Madame Bovary
Dante Alighieri,The Divine Comedy 
Vladimir Nabokov,Lolita 
Fyodor Dostoyevsky,The Brothers Karamazov 
Fyodor Dostoyevsky,Crime and Punishment 
Emily Brontë,Wuthering Heights
J. D. Salinger,The Catcher in the Rye
Jane Austen,Pride and Prejudice
Mark Twain,The Adventures of Huckleberry Finn
Leo Tolstoy,Anna Karenina
Lewis Carroll,Alice's Adventures in Wonderland 
Homer,The Iliad
Virginia Woolf,To the Lighthouse 
Joseph Heller,Catch-22 
Joseph Conrad,Heart of Darkness
William Faulkner,The Sound and the Fury
George Orwell,Nineteen Eighty Four
Charles Dickens,Great Expectations
India/Iran/Iraq/Egypt,One Thousand and One Nights
John Steinbeck,The Grapes of Wrath 
William Faulkner,"Absalom, Absalom!"
Ralph Ellison,Invisible Man 
Harper Lee,To Kill a Mockingbird 
Franz Kafka,The Trial
Stendhal,The Red and the Black
George Eliot,Middlemarch
Jonathan Swift,Gulliver's Travels
Toni Morrison,Beloved
Virginia Woolf,Mrs. Dalloway 
Anton Chekhov,The Stories of Anton Chekhov
Albert Camus,The Stranger 
Charlotte Bronte,Jane Eyre
Virgil,The Aeneid
Jorge Luis Borges,Collected Fiction
Ernest Hemingway,The Sun Also Rises 
Charles Dickens,David Copperfield
Laurence Sterne,Tristram Shandy
Walt Whitman,Leaves of Grass
Thomas Mann,The Magic Mountain
James Joyce,A Portrait of the Artist as a Young Man 
Salman Rushdie,Midnight's Children 
na,na
list details page,"129 ""best of"" book lists"
Sophocles,Oedipus the King
Voltaire,Candide
J. R. R. Tolkien,The Lord of the Rings
Fyodor Dostoyevsky,The Idiot
Victor Hugo,Les Misérables
E. M. Forster,A Passage to India 
Ernest Hemingway,The Old Man and the Sea
Chinua Achebe,Things Fall Apart 
Jane Austen,Emma
Ernest Hemingway,For Whom the Bell Tolls
Franz Kafka,The Complete Stories of Franz Kafka
Franz Kafka,The Metamorphosis
Henry James,The Portrait of a Lady 
Mary Shelley,Frankenstein 
Vladimir Nabokov,Pale Fire 
Sophocles,Antigone
William Faulkner,As I Lay Dying
Alice Walker,The Color Purple
Fyodor Dostoyevsky,The Possessed
Margaret Mitchell,Gone With the Wind 
William Golding,Lord of the Flies 
Aldous Huxley,Brave New World
Edgar Allan Poe,The Complete Tales and Poems of Edgar Allan Poe
Edith Wharton,The Age of Innocence
Nikolai Gogol,Dead Souls
Jack Kerouac,On the Road
Ford Madox Ford,The Good Soldier
George Orwell,Animal Farm
Virginia Woolf,Orlando: A Biography
Geoffrey Chaucer,The Canterbury Tales
William Makepeace Thackeray,Vanity Fair
Malcolm Lowry,Under the Volcano 
T. S. Eliot,The Waste Land
Ernest Hemingway,A Farewell to Arms
Louis-Ferdinand Céline,Journey to the End of The Night
Franz Kafka,The Castle
Gustave Flaubert,A Sentimental Education
Nathaniel Hawthorne,The Scarlet Letter
Kurt Vonnegut,Slaughterhouse-Five 
Margaret Atwood,The Handmaid's Tale
E. B. White,Charlotte's Web
Richard Wright,Native Son 
Stendhal,The Charterhouse of Parma
John Milton,Paradise Lost
Francois Rabelais,Gargantua and Pantagruel
Emily Dickinson,Poems of Emily Dickinson
Johann Wolfgang von Goethe,Faust
Daphne du Maurier,Rebecca
Charles Baudelaire,The Flowers of Evil
Giovanni Boccaccio,Decameron
na,na
list details page,"129 ""best of"" book lists"
Thomas Hardy,Tess of the d'Urbervilles
Samuel Beckett,Waiting for Godot
Daniel Defoe,Robinson Crusoe
Zora Neale Hurston,Their Eyes Were Watching God 
Henry Fielding,Tom Jones
William Shakespeare,King Lear
Anthony Burgess,A Clockwork Orange
Mikhail Bulgakov,The Master and Margarita
Honoré de Balzac,Father Goriot
Günter Grass,The Tin Drum
D. H. Lawrence,Sons and Lovers
Antoine de Saint-Exupéry,The Little Prince
Ivan Turgenev,Fathers and Sons
Aeschylus,Oresteia
Jean Rhys,Wide Sargasso Sea
Charles Dickens,Bleak House
Arthur Rimbaud,A Season in Hell
E. M. Forster,Howards End
Louisa May Alcott,Little Women
Hans Christian Anderson,Fairy Tales and Stories
Flannery O'Connor,The Complete Stories of Flannery O'Connor
John Updike,"Rabbit, Run "
Joseph Conrad,Lord Jim
John Kennedy Toole,A Confederacy of Dunces
Ian McEwan,Atonement
Honoré de Balzac,Cousin Bette
Zadie Smith,White Teeth 
Murasaki Shikibu,The Tale of Genji
Doris Lessing,The Golden Notebook
Hunter S. Thompson,Fear and Loathing in Las Vegas: A Savage Journey to the Heart of the American Dream
Robert Louis Stevenson,Treasure Island
Robert Penn Warren,All the King's Men
Robert Musil,The Man Without Qualities
Thomas Mann,Doctor Faustus
Alexandre Dumas,The Count of Monte Cristo
Unknown,Epic of Gilgamesh
Ernest Hemingway,Stories of Ernest Hemingway
Joseph Conrad,Nostromo
Raymond Chandler,The Big Sleep
William Shakespeare,The Tempest
Pierre Choderlos de Laclos,Dangerous Liaison
Erich Maria Remarque,All Quiet on the Western Front
Gabriel Garcia Marquez,Love in the Time of Cholera
Thomas Mann,Buddenbrooks
Willa Cather,My Antonia
Cormac McCarthy,Blood Meridian
Jonathan Franzen,The Corrections
Jack London,The Call of the Wild
F. Scott Fitzgerald,Tender Is the Night
Kenneth Grahame,The Wind in the Willows
na,na
list details page,"129 ""best of"" book lists"
John Irving,A Prayer for Owen Meany 
Ken Kesey,One Flew Over the Cuckoo's Nest 
John Updike,Rabbit Is Rich
Ovid,Metamorphoses
W. B. Yeats,Collected Poems of W. B. Yeats
Junot Diaz,The Brief Wondrous Life of Oscar Wao
C. S. Lewis,"The Lion, The Witch and the Wardrobe "
Sophocles,Oedipus at Colonus
Walker Percy,The Moviegoer
Euripides,Medea
William Shakespeare,Macbeth
Honoré de Balzac,Lost Illusions
Juan Rulfo,Pedro Paramo
Muriel Spark,The Prime of Miss Jean Brodie 
Betty Smith,A Tree Grows in Brooklyn
Boris Pasternak,Doctor Zhivago
Henry James,The Ambassadors
Kazuo Ishiguro,The Remains of the Day
W. G. Sebald,Austerlitz 
Italo Svevo,Confessions of Zeno
Bram Stoker,Dracula
D. H. Lawrence,Women in Love
John Steinbeck,Of Mice and Men
Arthur Conan Doyle,The Complete Sherlock Holmes
Virginia Woolf,The Waves
John Updike,Rabbit Redux
Arthur Conan Doyle,The Hound of the Baskervilles
Giuseppe Tomasi di Lampedusa,The Leopard
Roberto Bolaño,2666
Honoré de Balzac,Eugenie Grandet
E. M. Forster,A Room With a View
Iris Murdoch,"The Sea, The Sea"
Tom Wolfe,Bonfire of the Vanities
Isabel Allende,The House of the Spirits
Jules Verne,Twenty Thousand Leagues Under the Sea
Madame de La Fayette,The Princess of Cleves
Haruki Murakami,The Wind-Up Bird Chronicle
Albert Camus,The Plague
Robert Louis Stevenson,The Strange Case of Dr. Jekyll and Mr. Hyde
Charles Dickens,The Pickwick Papers
John Cheever,The Stories of John Cheever
Ray Bradbury,Fahrenheit 451
J. R. R. Tolkien,The Hobbit
Thomas Hardy,Jude the Obscure
John Dos Passos,Nineteen Nineteen
John Dos Passos,The 42nd Parallel
John Dos Passos,The Big Money
Halldor Laxness,Independent People
Edith Wharton,The House of Mirth
John Irving,The World According to Garp
na,na
list details page,"129 ""best of"" book lists"
Plato,The Republic
Stephen King,The Stand
Samuel Richardson,Clarissa
Jaroslav Hašek,The Good Soldier Svejk
Sophocles,Electra
Oscar Wilde,The Picture of Dorian Gray
Douglas Adams,The Hitchhiker's Guide to the Galaxy
Wallace Stevens,Collected Poems
J. K Rowling,Harry Potter And The Philosopher's Stone
Philip Roth,American Pastoral
Clarín,La Regenta
Ayn Rand,Atlas Shrugged
Robert A. Heinlein,Stranger in a Strange Land
A. A Milne,Winnie the Pooh
Rudyard Kipling,Kim
Henrik Ibsen,A Doll's House
John Updike,Rabbit at Rest
Knut Hamsun,Hunger
Marguerite Yourcenar,Memoirs of Hadrian
Frank Herbert,Dune
Alfred Döblin,Berlin Alexanderplatz
Alexandre Dumas,The Three Musketeers
Fernando Pessoa,The Book of Disquiet
Cormac McCarthy,The Road
Italo Calvino,If on a Winter's Night a Traveller 
Raymond Chandler,The Long Goodbye: A Novel
Lucretius,De Rerum Natura
Theodore Dreiser,An American Tragedy
Michael Chabon,The Amazing Adventures of Kavalier and Clay
Kingsley Amis,Lucky Jim 
Charles Dickens,A Tale of Two Cities
William Faulkner,Light in August 
Anthony Powell,A Dance to the Music of Time
Upton Sinclair,The Jungle
Saul Bellow,Herzog 
Robert Frost,The Poems of Robert Frost
H. G. Wells,The Time Machine
Ford Madox Ford,Parade's End
Toni Morrison,Song of Solomon
Philip Roth,Portnoy's Complaint 
V. S. Naipaul,A House for Mr. Biswas 
Thomas Pynchon,Gravity's Rainbow 
James Joyce,Dubliners
Graham Greene,Brighton Rock
Jeffrey Eugenides,Middlesex
Hermann Hesse,Steppenwolf
J M Coetzee,Disgrace
J. D. Salinger,Nine Stories
Lewis Carroll,Through the Looking Glass
Graham Greene,The End of the Affair
na,na
list details page,"129 ""best of"" book lists"
Friedrich Nietzsche,Thus Spake Zarathustra
George Eliot,The Mill on the Floss
Edith Wharton,Ethan Frome
E. Annie Proulx,The Shipping News
Aeschylus,Prometheus Bound
Milan Kundera,The Unbearable Lightness of Being
Kazuo Ishiguro,Never Let Me Go 
Arthur C. Clarke,2001: A Space Odyssey
Saul Bellow,Henderson The Rain King
Jane Austen,Persuasion
Sylvia Plath,The Bell Jar
Carson McCullers,The Heart Is A Lonely Hunter
Don DeLillo,White Noise 
Samuel Beckett,Molloy
Ayn Rand,The Fountainhead
Hermann Hesse,Siddhartha
Al-Tayyib Salih,Season of Migration to the North
Julian Barnes,The Sense of an Ending
Alan Hollinghurst,The Line of Beauty
Robert Graves,"I, Claudius "
Aeschylus,Seven Against Thebes
Aeschylus,The Persians
Aeschylus,The Suppliants
Evelyn Waugh,Brideshead Revisited
W. Somerset Maugham,Of Human Bondage 
Samuel Beckett,Malone Dies
Saul Bellow,The Adventures of Augie March
David Mitchell,Cloud Atlas
Christina Stead,The Man Who Loved Children 
Alan Paton,"Cry, the Beloved Country"
Astrid Lindgren,Pippi Longstocking
Hilary Mantel,Wolf Hall
Alice Munro,Selected Stories of Alice Munro
Dashiell Hammett,The Maltese Falcon
Giacomo Leopardi,Complete Poems of Giacomo Leopardi
Daniel Defoe,Moll Flanders
Sophocles,Philoctetes
Sophocles,Ajax
Sophocles,Women of Trachis
Michael Shaara,The Killer Angels
A. S. Byatt,Possession 
Stephen Crane,The Red Badge of Courage
Barbara Kingsolver,The Poisonwood Bible
Edgar Rice Burroughs,Tarzan of the Apes
Hermann Broch,Death of Virgil
André Gide,The Counterfeiters
D. H. Lawrence,Lady Chatterley's Lover
Marilynne Robinson,Gilead
Robert Musil,The Confusions of Young Törless
Nikos Kazantzakis,Zorba the Greek
na,na
list details page,"129 ""best of"" book lists"
Denis Diderot,Jacques the Fatalist and His Master
Sinclair Lewis,Main Street
William Maxwell,"So Long, See You Tomorrow"
H. G. Wells,War of the Worlds
Pearl S. Buck,The Good Earth
T. H. White,The Once and Future King
Charles Dickens,Our Mutual Friend
Saul Bellow,Humboldt's Gift
Donna Tartt,The Secret History
Edward P. Jones,The Known World
Arundhati Roy,The God of Small Things
Cormac McCarthy,All the Pretty Horses
Arthur Koestler,Darkness at Noon
Guy de Maupassant,Stories of Guy de Maupassant
John Galsworthy,The Man of Property
John Galsworthy,In Chancery
John Galsworthy,Awakening
John Galsworthy,Indian Summer of a Forsyte
John Galsworthy,To Let
Henry Roth,Call It Sleep
James Baldwin,Go Tell it on the Mountain 
William S. Burroughs,Naked Lunch
C. S. Lewis,Prince Caspian: The Return to Narnia
C. S. Lewis,The Voyage of the Dawn Treader: The Chronicles of Narnia
C. S. Lewis,The Silver Chair: The Chronicles of Narnia
C. S. Lewis,The Magician's Nephew
C. S. Lewis,The Horse and His Boy: The Chronicles of Narnia
C. S. Lewis,The Last Battle: The Chronicles of Narnia
Aristophanes,Lysistrata
Richard Adams,Watership Down
Henry Miller,Tropic of Cancer 
David Foster Wallace,Infinite Jest 
Evelyn Waugh,A Handful of Dust 
Thomas Keneally,Schindler's List
William Blake,The Complete Poetry and Prose of William Blake
Jean Paul Sartre,Nausea
Mario Vargas Llosa,The War of the End of the World
Gustave Flaubert,Bouvard et Pécuchet
James Joyce,Finnegans Wake
Madeleine L'Engle,A Wrinkle In Time
Wilkie Collins,The Woman in White
Maurice Sendak,Where the Wild Things Are
Herman Melville,Bartleby the Scrivener
Umberto Eco,The Name of the Rose
Henry Green,Loving
Comte de Lautréamont,Maldoror (Les Chants de Maldoror)
Chimamanda Ngozi Adichie,Half of a Yellow Sun
Vikram Seth,A Suitable Boy
Pat Barker,Regeneration
D. H. Lawrence,The Rainbow
na,na
list details page,"129 ""best of"" book lists"
Sigrid Undset,Kristin Lavransdatter
Rainer Maria Rilke,The Duino Elegies
L. Frank Baum,The Wonderful Wizard of Oz
Brothers Grimm,Household Tales
Dylan Thomas,Collected Poems of Dylan Thomas
Joao Guimaraes Rosa,The Devil to Pay in the Backlands
Stella Gibbons,Cold Comfort Farm
Elizabeth Bishop,Complete Poems
Thomas Mann,Death in Venice
Ivan Goncharov,Oblomov
Leo Tolstoy,The Death of Ivan Ilyich
Michael Ondaatje,The English Patient
Thomas Hardy,The Mayor of Casterbridge
J. G. Ballard,Crash: A Novel
Martin Amis,Money 
Truman Capote,Breakfast at Tiffany's
Wu Cheng'en,Journey to the West
Patricia Highsmith,The Talented Mr. Ripley
Marguerite Duras,The Lover
Charles Dickens,The Adventures of Oliver Twist
Amy Tan,The Joy Luck Club
Aristophanes,The Birds
Anton Chekhov,Three Sisters
Andre Malraux,Man's Fate
Mario Puzo,The Godfather
Victor Hugo,The Hunchback of Notre-Dame
Jorge Luis Borges,Labyrinths
Aleksandr Solzhenitsyn,One Day in the Life of Ivan Denisovich
Isaac Asimov,Foundation
Machado de Assis,The Posthumous Memoirs of Bras Cubas
Samuel Butler,Way of All Flesh
Arnold Bennett,The Old Wives' Tale
Witold Gombrowicz,Ferdydurke
Jennifer Egan,A Visit From The Goon Squad
Henry James,Wings of the Dove
Markus Zusak,The Book Thief
Aristophanes,The Clouds
Beatrix Potter,The Tale of Peter Rabbit
Dino Buzzati,The Tartar Steppe
Fyodor Dostoyevsky,Notes from the Underground
Dorothy Allison,Bastard Out of Carolina
Zadie Smith,NW: A Novel
James Baldwin,Giovanni's Room
Federico García Lorca,Gypsy Ballads
V. S. Naipaul,A Bend in the River
David Guterson,Snow Falling on Cedars
Walter Scott,Ivanhoe
Cao Xueqin,Dream of the Red Chamber
Tim O'Brien,The Things They Carried
William Gibson,Neuromancer 
na,na
list details page,"129 ""best of"" book lists"
Colleen McCullough,The Thorn Birds
John Bunyan,Pilgrim's Progress 
T. S. Eliot,Collected Poems of T.S. Eliot
Yann Martel,Life of Pi
Alan Moore,Watchmen 
Thomas Malory,Le Morte d'Arthur
Uwe Johnson,Anniversaries
Louise Erdrich,Love Medicine
James Fenimore Cooper,The Last of the Mohicans
W. H. Auden,Poems of W. H. Auden
Emile Zola,Thérèse Raquin
E. L. Doctorow,Ragtime
Philip Pullman,His Dark Materials
Joseph Roth,The Radetzky March
Émile Zola,Germinal
Harriet Beecher Stowe,Uncle Tom's Cabin
Sherwood Anderson,"Winesburg, Ohio"
Johann Wolfgang von Goethe,The Sorrows of Young Werther
Anthony Trollope,The Last Chronicle of Barset
Euripides,The Bacchae
Philip K. Dick,Do Androids Dream of Electric Sheep?
Alessandro Manzoni,The Betrothed
Mikhail Lermontov,A Hero of Our Time
Cesare Pavese,The Moon and the Bonfires
Yevgeny Zamyatin,We
Samuel Beckett,The Unnamable
William Styron,Sophie's Choice
Nathanael West,The Day of the Locust 
Edith Wharton,The Custom of the Country
Raymond Carver,The Stories of Raymond Carver
Kurt Vonnegut,Cat's Cradle
Barbara Kingsolver,The Bean Trees
P. G. Wodehouse,"Carry On, Jeeves"
Salman Rushdie,Satanic Verses
Anton Chekhov,The Cherry Orchard
Norton Juster,The Phantom Tollbooth
W. Somerset Maugham,The Razor's Edge
Agatha Christie,And Then There Were None
Norman Mailer,The Naked Dead
George Gissing,New Grub Street: A Novel
Paulo Coelho,The Alchemist
John Keats,The Poems of John Keats
Italo Calvino,Invisible Cities
Jean Racine,Phèdre
Edward FitzGerald,Rubaiyat of Omar Khayyam
George Eliot,Silas Marner
Anthony Trollope,The Way We Live Now
Charles Frazier,Cold Mountain
Luigi Pirandello,Six Characters in Search of an Author
Roberto Bolaño,The Savage Detectives
na,na
list details page,"129 ""best of"" book lists"
Yukio Mishima,The Temple of the Golden Pavilion
Joseph Conrad,The Secret Agent
Georges Perec,"Life, a User's Manual"
Lawrence Durrell,The Alexandria Quartet 
Rohinton Mistry,A Fine Balance
Flannery O'Connor,A Good Man Is Hard to Find
Iris Murdoch,Under the Net 
Anonymous,The Nibelungenlied
Eugene O'Neill,Mourning Becomes Electra
John Fowles,The French Lieutenant's Woman 
Chris Ware,"Jimmy Corrigan, the Smartest Kid on Earth"
Evelyn Waugh,Scoop
Ernest Hemingway,In Our Time
Luís Vaz Camões,The Lusiad
Theodore Dreiser,Sister Carrie
Irène Némirovsky,Suite Française
Anthony Trollope,Barchester Towers
J M Coetzee,Waiting for the Barbarians
Graham Greene,The Quiet American 
Laurie Lee,Cider with Rosie
Eudora Welty,The Collected Stories of Eudora Welty
Martin Amis,London Fields
Aravind Adiga,The White Tiger
Samuel Taylor Coleridge,The Rime of the Ancient Mariner
Kate Chopin,The Awakening
Stephen King,The Shining
Machado de Assis,Dom Casmurro
Junichiro Tanizaki,Some Prefer Nettles
Angela Carter,Nights At The Circus
Philip Roth,The Human Stain
Elizabeth Bowen,The Death of the Heart 
William Blake,Songs of Innocence and Experience
Don DeLillo,Underworld
Clarice Lispector,The Hour of the Star
Bret Easton Ellis,American Psycho
Carol Shields,The Stone Diaries
Lois Lowry,The Giver
John Fowles,The Magus
Max Frisch,I'm Not Stiller
Toni Morrison,Jazz
Sinclair Lewis,Arrowsmith
Kurt Vonnegut,The Breakfast of Champions
William Shakespeare,Othello
Erskine Childers,Riddle of the Sands
Sebastian Faulks,Birdsong
Sinclair Lewis,Babbitt
William Shakespeare,A Midsummer Night's Dream 
Margaret Atwood,The Blind Assassin
Julio Cortázar,Hopscotch
Gillian Flynn,Gone Girl
na,na
list details page,"129 ""best of"" book lists"
Iain Banks,The Wasp Factory: A Novel
Francoise Sagan,Bonjour Tristesse
Patrick Suskind,Perfume
Rainer Maria Rilke,The Notebooks of Malte Laurids Brigge
Ian Fleming,Casino Royale
Jhumpa Lahiri,The Namesake
Thomas Pynchon,The Crying of Lot 49 
John Wyndham,The Day of the Triffids
J. D. Salinger,Franny and Zooey
Mark Twain,The Adventures of Tom Sawyer
Ken Kesey,Sometimes a Great Notion
Graham Greene,The Heart of the Matter 
Marilynne Robinson,Home
Edmond Rostand,Cyrano de Bergerac
Khaled Hosseini,The Kite Runner
Denis Johnson,Jesus' Son
Euripides,Trojan Women
James M. Cain,The Postman Always Rings Twice
George R. R. Martin,A Game of Thrones
Suzanne Collins,The Hunger Games
William Shakespeare,The Sonnets
Jane Smiley,A Thousand Acres
Peter Carey,Oscar and Lucinda
Junichiro Tanizaki,The Makioka Sisters
William Wordsworth,The Prelude
Hermann Broch,The Sleepwalkers
Arthur Golden,Memoirs of a Geisha
Bernard Shaw,Pygmalion
Michael Cunningham,The Hours
Kiran Desai,The Inheritance of Loss
Chimamanda Ngozi Adichie,Americanah
José Saramago,Blindness
Wilkie Collins,The Moonstone
Ben Fountain,Billy Lynn's Long Halftime Walk: A Novel
William Faulkner,The Collected Stories of William Faulkner
P. G. Wodehouse,The Code of the Woosters
Willa Cather,Death Comes for the Archbishop
Horace,The Odes
Andrea Levy,Small Island
Euripides,Hippolytus
Jeanette Winterson,Oranges are not the only Fruit
Flannery O'Connor,Wise Blood
J M Coetzee,Life & Times of Michael K
Lord Byron,Don Juan: A Poem
Patrick White,Voss
Henry James,The Turn of the Screw
Georges Bataille,Story of the Eye
T. C. Boyle,World's End
George Grossmith,The Diary of a Nobody
John Buchan,The Thirty-Nine Steps
na,na
list details page,"129 ""best of"" book lists"
Graham Greene,The Power and the Glory
John Knowles,A Separate Peace
Antonio Machado,Poems by Machado
MacKinlay Kantor,Andersonville
Nathanael West,Miss Lonelyhearts 
James Agee,A Death in the Family 
Nathaniel Hawthorne,The House of the Seven Gables
Fernando de Rojas,Celestina
Alexander Pushkin,Eugene Onegin
Henrik Ibsen,Hedda Gabler
Federico García Lorca,Poet in New York
John Barth,The Sot-Weed Factor 
Richard Yates,Revolutionary Road
John McGahern,Amongst Women
Helen Fielding,Bridget Jones's Diary
Thomas Pynchon,V
J. G. Farrell,The Siege of Krishnapur
Paul Auster,The New York Trilogy
Christopher Isherwood,Goodbye to Berlin
Eudora Welty,The Optimist's Daughter
Joyce Carol Oates,Them
Nelson Algren,The Man with the Golden Arm
Samuel Beckett,Murphy
John le Carré,"Tinker, Tailor, Soldier, Spy"
Kathy Acker,Blood and Guts in High School
Roberto Arlt,Los Siete Locos
Luis Cernuda,The Poetry of Luis Cernuda
Thomas Bernhard,Correction
Mario Vargas Llosa,The Feast of the Goat: A Novel
Larry McMurtry,Lonesome Dove
Raymond Carver,Cathedral
Boris Vian,Froth on the daydream
Hermann Hesse,The Glass Bead Game
Carlos Fuentes,The Death of Artemio Cruz
Lorrie Moore,Birds of America
Kazuo Ishiguro,An Artist of the Floating World 
John le Carré,The Spy Who Came in From the Cold 
Agatha Christie,The Murder of Roger Ackroyd
William Faulkner,"If I Forget Thee, Jerusalem"
William Gaddis,The Recognitions 
Robert Coover,Pricksongs and Descants
Milan Kundera,The Book of Laughter and Forgetting 
Joan Didion,Play It As It Lays 
Federico García Lorca,Poems of Federico García Lorca
Malorie Blackman,Noughts and Crosses
Aesop,Aesop's Fables
Rachel Cusk,Outline
Grace Paley,Little Disturbances
Allen Ginsberg,Howl and Other Poems
George Eliot,Daniel Deronda 
na,na
list details page,"129 ""best of"" book lists"
Molière,Tartuffe
Benito Pérez Galdós,Fortunata and Jacinta
William Faulkner,Sanctuary
Roald Dahl,"Charlie And The Chocolate Factory,"
Robert Walser,Jakob Von Gunten
Eugene O'Neill,Long Day's Journey Into Night
Vladimir Nabokov,Ada or Ardor
Henry James,The Golden Bowl
William Wordsworth,Lyrical Ballads
Jonathan Safran Foer,Everything Is Illuminated
José Saramago,The Year of the Death of Ricardo Reis
Juan Rulfo,The Burning Plain and Other Stories
Juan Carlos Onetti,The Shipyard
Guillermo Cabrera Infante,Three Trapped Tigers
Jonathan Franzen,Freedom: A Novel
Giorgio Bassani,The Garden of the Finzi-Continis
Mario Vargas Llosa,The Time of the Hero
James Albert Michener,Hawaii
Orhan Pamuk,Snow
Penelope Fitzgerald,The Blue Flower
Ursula K. Le Guin,A Wizard of Earthsea
Roddy Doyle,Paddy Clarke Ha Ha Ha
James A. Michener,Tales of the South Pacific
Neal Stephenson,Snow Crash 
Benjamin Constant,Adolphe
Thornton Wilder,The Bridge of San Luis Rey
Elsa Morante,History
Thomas More,Utopia
Gottfried von Strassburg,Tristan
Rachel Kushner,The Flamethrowers: A Novel
Marilynne Robinson,Housekeeping
Evelyn Waugh,Decline and Fall
Edward St Aubyn,Mother's Milk
Ann Patchett,Bel Canto
Pedro Calderón de la Barca,Life Is a Dream
Lucy Maud Montgomery,Anne of Green Gables
François Villon,The Poems of Francois Villon
Jhumpa Lahiri,Interpreter of Maladies
Stéphane Mallarmé,Collected Poems
Armistead Maupin,Tales of the City
Stephenie Meyer,Twilight
Ha Jin,Waiting
Agatha Christie,Murder on the Orient Express
Patrick O'Brian,Master and Commander
John Donne,The Complete Poetry and Selected Prose of John Donne
Alan Hollinghurst,The Swimming-Pool Library
Anne Rice,Interview with the Vampire
J. M. Barrie,Peter Pan
Unknown,Beowulf
Anne Tyler,Dinner at the Homesick Restaurant
na,na
list details page,"129 ""best of"" book lists"
John O'Hara,Appointment in Samarra
Guanzhong Luo,Romance of the Three Kingdoms
Juan Ramón Jiménez,Platero
Aleksandr Solzhenitsyn,Cancer Ward
Sōseki Natsume,Kokoro
Aleksandr Solzhenitsyn,First Circle
L. P. Hartley,The Go-Between
Ryunosuke Akutagawa,Rashomon and Seventeen Other Stories
Jesmyn Ward,Salvage the Bones: A Novel
William Kennedy,Ironweed
Kahlil Gibran,The Prophet
Unknown,Lazarillo de Tormes
Rosamunde Pilcher,The Shell Seekers
Jane Austen,Sense and Sensibility
Paul Bowles,The Sheltering Sky 
Laura Esquivel,Like Water For Chocolate
John Steinbeck,East of Eden
Guillaume Apollinaire,Alcools
Barbara Pym,Excellent Women
Flann O'Brien,At Swim Two-Birds
Pat Conroy,The Prince of Tides
Olive Ann Burns,Cold Sassy Tree
Charles Dickens,A Christmas Carol
James Hogg,The Private Memoirs and Confessions of a Justified Sinner
Hanif Kureishi,The Buddha of Suburbia
William Gaddis,JR
Ali Smith,There But For The
Göran Tunström,The Christmas Oratorio
Alejo Carpentier,The Lost Steps
Cora Sandel,The Alberta Trilogy
Par Lagerkvist,Barabbas
Väinö Linna,The Unknown Soldier
Herbjørg Wassmo,House with the Blind Glass Windows
August Strindberg,The Red Room
August Strindberg,Hemsöborna
Marianne Fredriksson,Simon and the Oaks
Max Beerbohm,Zuleika Dobson
Paul Beatty,The Sellout
Sarah Orne Jewett,The Country of the Pointed Firs
Isaac B Singer,Gimpel the Fool
William Shakespeare,Romeo and Juliet
Anne Tyler,The Accidental Tourist
Edward Abbey,The Monkey Wrench Gang
Charles Dickens,Little Dorrit
Anton Chekhov,Uncle Vanya
Abbe Prevost,Manon Lescaut
Lew Wallace,Ben-Hur
Nick Hornby,High Fidelity
James Dickey,Deliverance 
Peter Carey,True History of the Kelly Gang
na,na
list details page,"129 ""best of"" book lists"
Jamaica Kincaid,Annie John
Sandor Marai,Embers
Friedrich Holderlin,Hyperion
Alain Robbe-Grillet,Jealousy: A Novel
Yasunari Kawabata,Thousand Cranes
Alan Sillitoe,Saturday Night and Sunday Morning
Hans Jakob Christoffel von Grimmelshausen,Simplicius Simplicissimus
Edna O'Brien,The Country Girls
Jean Cocteau,Les Enfants Terribles
Joseph von Eichendorff,Aus dem Leben eines Taugenichts
Anne Michaels,Fugitive Pieces
Anne Brontë,The Tenant of Wildfell Hall
Imre Kertész,Fateless
Johann Wolfgang von Goethe,Elective Affinities
Theodor Fontane,The Stechlin
Knut Hamsun,Growth of the Soil
Bernhard Schlink,The Reader
E. T. A. Hoffmann,The Life and Opinions of the Tomcat Murr
Peter Høeg,Smilla's Sense of Snow: A Novel
Primo Levi,"If Not Now, When?"
Gottfried Keller,Green Henry
Anthony Burgess,Earthly Powers
Michel Houellebecq,Platform
Lydia Davis,Varieties of Disturbance: Stories
John Cheever,The Wapshot Chronicle
James Baldwin,Another Country
John Green,The Fault in Our Stars
Kurt Vonnegut,The Sirens of Titan
Haruki Murakami,1Q84
Donna Tartt,The Goldfinch
Jack Finney,Time and Again
Isaac Asimov,"I, Robot"
Camara Laye,The African Child
Xun Lu,Diary of a Madman and Other Stories
Robert Browning,Robert Browning's Poetry
Jeanette Winterson,The Passion
Dave Eggers,What Is the What
Philip Roth,The Plot Against America
Toni Morrison,Sula
Kate Atkinson,Life After Life
Wallace Stegner,Angle of Repose
Ursula K. Le Guin,The Left Hand Of Darkness
Viet Thanh Nguyen,The Sympathizer
Orhan Pamuk,My Name is Red
William Saroyan,My Name Is Aram
Isabel Allende,Of Love and Shadows
Ousmane Sembène,God's Bits of Wood
Nawal El Saadawi,Woman at Point Zero
Heraclitus,Fragments
Judy Blume,"Are You There God? It's Me, Margaret"
na,na
list details page,"129 ""best of"" book lists"
Rebecca West,The Thinking Reed
Marlon James,A Brief History of Seven Killings
Philip K. Dick,The Man in the High Castle
Booth Tarkington,The Magnificent Ambersons 
Ben Okri,The Famished Road
J. K Rowling,Harry Potter and the Goblet of Fire 
Robert Stone,Dog Soldiers 
Eça de Queirós,The Maias: Episodes from Romantic Life
Margaret Wise Brown,Goodnight Moon
Xun Lu,Selected Stories of Lu Hsun
Samuel Beckett,Krapp's Last Tape
Shirley Hazzard,The Transit of Venus
Apuleius,The Golden Ass (Metamorphoses): Or Metamorphoses
Jeanette Winterson,Written on the Body
James T. Farrell,Studs Lonigan
Nadine Gordimer,July's People
Jean Racine,Bérénice
Julian Barnes,Flaubert's Parrot
Elena Ferrante,My Brilliant Friend
Margaret Drabble,The Radiant Way
Philip Pullman,The Amber Spyglass
James Hilton,Lost Horizon
F. Scott Fitzgerald,The Short Stories of F. Scott Fitzgerald
Margaret Atwood,Oryx and Crake
Isaac Babel,The Collected Stories of Isaac Babel
Sarah Waters,Fingersmith
Jostein Gaarder,Sophie's World: A Novel About the History of Philosophy
Roberto Calasso,The Marriage Of Cadmus And Harmony
Herman Melville,Billy Budd
Derek Walcott,Omeros
Willa Cather,A Lost Lady
Kamala Markandaya,Nectar in a Sieve
Claudia Rankine,Citizen: An American Lyric
J. K Rowling,Harry Potter and the Deathly Hallows
Elizabeth Gaskell,Cranford
Mark Haddon,The Curious Incident of the Dog in the Night-time
John Berger,G.
James Kelman,"How Late It Was, How Late"
John Banville,The Sea
Anne Enright,The Gathering
V. S. Naipaul,In a Free State
Kingsley Amis,The Old Devils
Don DeLillo,Mao II
Anton Chekhov,The Lady with the Dog
DBC Pierre,Vernon God Little
Jonathan Lethem,The Fortress of Solitude
Khaled Hosseini,A Thousand Splendid Suns
Dai Sijie,Balzac and the Little Chinese Seamstress
Jean M. Auel,The Clan of the Cave Bear
David Markson,Wittgenstein's Mistress
na,na
list details page,"129 ""best of"" book lists"
Bernard Malamud,The Fixer
J. K Rowling,Harry Potter and the Half-Blood Prince
Ken Follett,The Pillars Of The Earth
Dashiell Hammett,Red Harvest 
George Saunders,Pastoralia
Franz Kafka,Amerika
J. K Rowling,Harry Potter And The Prisoner Of Azkaban
J. K Rowling,Harry Potter And The Chamber Of Secrets
J. K Rowling,Harry Potter and the Order of the Phoenix
William Shakespeare,Richard III
Alasdair Gray,Lanark 
Leo Tolstoy,The Kreutzer Sonata: And Other Stories
Michel Houellebecq,The Elementary Particles
Pier Paolo Pasolini,A Violent Life
Rabindranath Tagore,Home and the World
Henry Green,Living
Iris Murdoch,A Severed Head
Henry Green,Blindness
Horace Walpole,The Castle of Otranto: A Gothic Story
Nancy Mitford,Love in a Cold Climate
William S. Burroughs,Junky
J. K. Huysmans,Against Nature
Rudolfo Anaya,"Bless Me, Ultima"
Oscar Wilde,The Importance of Being Earnest
Salman Rushdie,The Moor's Last Sigh
Samuel Beckett,Endgame
Orson Scott Card,Ender's Game
Elena Ferrante,The Neapolitan Novels
Sheila Heti,How Should a Person Be?
Kazuo Ishiguro,The Unconsoled
Tillie Olsen,Tell Me a Riddle
Gertrude Stein,Three Lives
Jalāl al-Dīn Rūmī (Maulana),Poems of Rumi
Albert Camus,The Fall
Enrique Vila-Matas,Bartleby & Co
Kālidāsa,The Recognition of Sakuntala
Sue Townsend,The Secret Diary of Adrian Mole Aged 13 3/4
Heinrich Mann,Professor Unrat
Dodie Smith,I Capture the Castle
Harry Mulisch,The Discovery of Heaven
Stefan Zweig,The Royal Game
Elias Canetti,Auto Da Fé
Terry Pratchett,The Colour of Magic
Siegfried Lenz,The German Lesson
Johann Wolfgang von Goethe,Wilhelm Meister's Apprenticeship
Heinrich von Kleist,Michael Kohlhaas
Theodor Fontane,Effi Briest
Amos Oz,A Tale of Love and Darkness
William Faulkner,A Fable
Haruki Murakami,Norwegian Wood
na,na
list details page,"129 ""best of"" book lists"
Colson Whitehead,The Underground Railroad
Mildred D. Taylor,"Roll of Thunder, Hear My Cry"
Robertson Davies,Fifth Business
Gertrude Stein,The Making of Americans
Albert Cohen,Belle du Seigneur
Elmore Leonard,LaBrava
Georges Bernanos,Under Satan's Sun
Alberto Moravia,A Ghost at Noon
Djuna Barnes,Nightwood
Robert Tressell,The Ragged Trousered Philanthropists
Heinrich Böll,The Lost Honour of Katharina Blum
Julien Gracq,The Opposing Shore
Marguerite Duras,The Ravishing of Lol Stein
Chad Harbach,The Art of Fielding
Flann O'Brien,The Third Policeman
Elizabeth Bowen,The Heat of the Day
Frederick Rolfe,Hadrian the Seventh
Toni Morrison,The Bluest Eye
Anita Loos,Gentlemen Prefer Blondes: The Illuminating Diary of a Professional Lady 
Ursula K. Le Guin,The Dispossessed
Umberto Eco,Foucault's Pendulum
Richard Brautigan,In Watermelon Sugar
Aphra Behn,Oroonoko
Shi Naian,The Water Margin: Outlaws of the Marsh
Ali Smith,How to be both
Matsuo Bashō,The Narrow Road to the Deep North
Samuel Beckett,Watt
Marjorie Kinnan Rawlings,The Yearling
Anthony Trollope,The Warden
Cesare Pavese,The Selected Works of Cesare Pavese
Arthur Miller,The Crucible
Ole Edvart Rolvaag,Giants in the Earth
Louis de Bernières,Corelli's Mandolin
Zane Grey,Riders of the Purple Sage
Arthur Rimbaud,Collected Poems
Norman Rush,Mating
Nathaniel Hawthorne,Twice-Told Tales
Walt Whitman,The Poems of Walt Whitman
Richard Ford,Independence Day
John Milton,The Complete Poetry and Essential Prose of John Milton
Molière,The Misanthrope
S. E. Hinton,The Outsiders
Dan Brown,The Da Vinci Code
Jane Gardam,Old Filth
St. John of the Cross,The Collected Works of St. John of the Cross
Marion Zimmer Bradley,The Mists of Avalon
Jenny Offill,Dept. of Speculation
Diana Gabaldon,Outlander
Ishmael Reed,Mumbo Jumbo
Joyce Cary,The Horse's Mouth
na,na
list details page,"129 ""best of"" book lists"
Edward St Aubyn,At Last
Edward St Aubyn,Bad News
Edward St Aubyn,Some Hope
Edward St Aubyn,Never Mind
Edna St. Vincent Millay,Collected Works of Edna St. Vincent Millay
Pierre Corneille,Le Cid
Patrick Hamilton,The Slaves of Solitude
Lisa Halliday,Asymmetry
Yukio Mishima,Forbidden Colours
Norman Rush,Mortals
Jean de La Fontaine,Fables of La Fontaine
Francesco Petrarca,Petrarch's Songbook
Natalia Ginzburg,Family Sayings
Edmund Spenser,The Faerie Queene
Shirley Jackson,The Lottery and Other Stories
Samuel Coleridge,The Complete Poems of Samuel Taylor Coleridge
William Somerset Maugham,Collected Stories
Jim Harrison,Legends of The Fall
Lynne Tillman,American Genius: A Comedy
Henrik Ibsen,The Wild Duck
George Bernard Shaw,Saint Joan
Henrik Ibsen,The Master Builder
Francisco de Quevedo,El Buscón
John Steinbeck,Cannery Row
Dorothy L Sayers,Gaudy Night
Nicholas Evans,The Horse Whisperer
Plato,Phaedrus
Paul Verlaine,One Hundred and One Poems by Paul Verlaine
Philip Roth,"Goodbye, Columbus"
Tennessee Williams,A Streetcar Named Desire
Teresa of Avila,The Interior Castle
James Jones,From Here to Eternity 
Graham Swift,Last Orders
Pierre Ronsard,Selected Poems
William Styron,The Confessions of Nat Turner
Cormac McCarthy,Suttree
Friedrich Holderlin,Poems of Friedrich Hölderlin
William Shakespeare,"Twelfth Night: Or, What You Will"
Winfried Georg Sebald,The Emigrants
Gerard de Nerval,Les Filles du feu
Tim O'Brien,Going After Cacciato
Atticus Lish,Preparation for the Next Life
Luis de Góngora,Soledades
Christine De Pizan,The Book of the City of Ladies
Shirley Hazzard,The Great Fire
Saadi,Bostan
Yasunari Kawabata,The Sound of the Mountain
Wolfram Eschenbach,Parzival
Longus,Daphnis and Chloe
Paul Celan,Poems
na,na
list details page,"129 ""best of"" book lists"
Eugenio Montale,Poems of Eugenio Montale
Jalal al-Din Muhammad Rumi,Masnavi
Naguib Mahfouz,Children of Gebelawi
Iceland,Njal's Saga
Alfred de Musset,The Complete Writings of Alfred de Musset
Richard Hughes,A High Wind in Jamaica
Roddy Doyle,The Van
Christian Church,Song of Songs
Nicolás Guillén,Sóngoro cosongo
Anonymous,Curial e Güelfa
Iris Murdoch,The Black Prince
Barbara Kingsolver,Pigs in Heaven
William Carlos Williams,The Collected Poems of William Carlos Williams: 1909-1939
Sebastian Barry,Days Without End
Pierre-Augustin Caron de Beaumarchais,"The Figaro Trilogy: The Barber of Seville, The Marriage of Figaro, The Guilty Mother"
Stieg Larsson,The Girl with the Dragon Tattoo
Oliver Goldsmith,She Stoops to Conquer
Washington Irving,Stories of Washington Irving
Ken Follett,Eye Of The Needle
Heinrich Heine,"Germany, a Winter Tale"
Agrippa d'Aubigné,Les Tragiques
Alfred de Vigny,Les Destinées
Manuel Puig,Betrayed by Rita Hayworth
Jorge Manrique,Coplas por la muerte de su padre
Anonymous,The Way of a Pilgrim
Marguerite Duras,La siesta de M. Andesmas
Anonymous,Calila e Dimna
Alfred Jarry,Ubu Roi
Simon Armitage,Sir Gawain and the Green Knight
Paul Valéry,The Collected Works of Paul Valéry
Henry James,Daisy Miller
Thomas Hardy,The Return of the Native
William Faulkner,The Hamlet
Frank O'Hara,Lunch Poems
César Vallejo,The Complete Poetry of César Vallejo
Mario Vargas Llosa,Conversation in the Cathedral
Prosper Mérimée,Carmen
Percy Bysshe Shelley,The Poems of Percy Bysshe Shelley 
Philip Roth,Sabbath's Theater
Yaa Gyasi,Homegoing
Henri Alain-Fournier,The Wanderer
Irvine Welsh,Trainspotting
Alice Munro,"Hateship, Friendship, Courtship, Loveship, Marriage"
Pierre Carlet de Chamblain de Marivaux,Marivaux: Three Plays
Anne Carson,The Beauty Of The Husband
Victor Hugo,La légende des siècles
Raymond Queneau,Zazie in the Metro
Neil Gaiman,Sandman
Miguel de Unamuno,Poems
J M Coetzee,Elizabeth Costello
na,na
list details page,"129 ""best of"" book lists"
Mateo Alemán,Guzmán de Alfarache
Various Authors,Gospels
P. D. James,The Children of Men
Jeffrey Archer,Kane and Abel
Roberto Arlt,Los lanzallamas
Hector Viel Temperley ,The Last Books of Hector Viel Temperley
Pablo Neruda,Poems of Pablo Neruda
John Dos Passos,Manhattan Transfer
Laura Ingalls Wilder,Little House on the Prairie
Guillaume Apollinaire,Calligrammes
Carol Shields,Unless
James Ellroy,American Tabloid
César Vallejo,Trilce
Pablo Neruda,Residence on Earth
Gustavo Adolfo Bécquer,Rimas
Antonio Machado,Juan De Mairena
Jaime Gil de Biedma ,The Poems of Jaime Gil de Biedma 
Robertson Davies,The Manticore
Louis-Ferdinand Céline,Death on Credit
Franklin W. Dixon,The Hardy Boys
Robertson Davies,World of Wonders
Alice Munro,The Progress of Love
Albert Payson Terhune,Lad: a Dog
Rex Stout,Nero Wolfe
Derek Walcott,The Poetry of Derek Walcott 1948-2013
Shirley Jackson,We Have Always Lived in the Castle
Evan S. Connell,Mrs. Bridge
William Goldman,The Princess Bride: An Illustrated Edition of S. Morgenstern's Classic Tale of True Love and High Adventure
Philip Larkin,The Complete Poems
Varlan Shalanov,Kolyma Tales
Evan S. Connell,Mr Bridge
Dorothy Parker,Complete Stories
Raymond Chandler,Collected Stories
Francisco Umbral,Mortal y rosa
Albert Camus,The First Man
Juan Marse,Last Evenings with Teresa
Ramón del Valle-Inclán,Bohemian Lights
César Vallejo,"Spain, Take This Chalice from Me"
Mario Vargas Llosa,Aunt Julia and the Scriptwriter
Joseph Conrad,The Shadow Line
Hermann Hesse,Demian
Luis de Góngora,Poems of Góngora
Julián Olivares,Sonnets
Arthur Rimbaud,Illuminations
Paul Claudel,"Three plays: The hostage, Crusts, The humiliation of the father"
Tristan Corbière,Wry-Blue Loves: Les Amours Jaunes
Victor Hugo,Les Contemplations
Jean de la Croix,La Nuit obscure
Quintus Lutatius Catulus,Poetry
Georges Bernanos,The Diary of a Country Priest
na,na
list details page,"129 ""best of"" book lists"
Rudyard Kipling,The Jungle Book
Kaye Gibbons,Ellen Foster
Charlotte Bronte,Villette
Jesmyn Ward,"Sing, Unburied, Sing"
Monica Ali,Brick Lane
Herman Wouk,War and Remembrance
Flannery O'Connor,The Violent Bear It Away
James A. Michener,Centennial
Anita Desai,Clear Light of Day
H. P. Lovecraft,At the Mountains of Madness
William Kotzwinkle,The Fan Man
Fanny Burney,Camilla
Margaret Atwood,Surfacing
E. L. Doctorow,The Book of Daniel
 Henning Mankell,Faceless Killers
Jane Austen,Mansfield Park
Carl Sagan,Contact
J M Coetzee,Dusklands
Maksim Gorky,Mother
André Gide,The Fruits of the Earth
Amitav Ghosh,The Shadow Lines
Frederic Manning,Her Privates We
Banana Yoshimoto,Kitchen
Arturo Pérez-Reverte,The Club Dumas
James Stephens,The Charwoman's Daughter
Aldous Huxley,Eyeless in Gaza
Leonardo Sciascia,To Each His Own
Amos Oz,Black Box
Italo Calvino,The Castle of Crossed Destinies
Peter Esterhazy,Celestial Harmonies
Tarjei Vesaas,The Birds
Elmore Leonard,Get Shorty
John Irving,The Cider House Rules
Hermann Broch,The Guiltless
Emil Cioran,On the Heights of Despair
na,na
 Shūsaku Endō,Deep River
Alberto Moravia,Disobedience
Sheridan Le Fanu,In a Glass Darkly
Máro Doýka,Fool's Gold
 Camilo José Cela,The Hive
Alvaro Mutis,The Adventures and Misadventures of Maqroll
Gabriel Garcia Marquez,The Autumn of the Patriarch
Kristien Hemmerechts,Margot and the Angels
Marcel Pagnol,Manon des sources
William Morris,News from Nowhere
 George Sand,The Devil's Pool
Jan Wolkers,Return to Oegstgeest
Ngugi wa Thiong'o,The River Between
Eliza Haywood,"Love in Excess; or, The Fatal Enquiry"
na,na
list details page,"129 ""best of"" book lists"
Juan Valera y Alcalá-Galiano,Pepita Jimenez
Jerzy Andrzejewski,Ashes and Diamonds
 Louis Couperus,Eline Vere
Dubravka Ugrešić,The Museum of Unconditional Surrender
 Viktor Paskov,A Ballad for Georg Henig
Ian McEwan,The Cement Garden
Zhang Jie,Heavy Wings
Federico De Roberto,The Viceroys
Arthur Schnitzler,None but the Brave
 Marcel Allain,Fantômas
 Hendrik Conscience,The Lion of Flanders
José Saramago,Baltasar and Blimunda
Patrick White,The Living and the Dead
 Henry Mackenzie,The Man of Feeling
Michel Faber,Under the Skin
Gerald Murnane,Inland
Meša Selimović,Death and the Dervish
José María Arguedas,Deep Rivers
Manuel Puig,Kiss of the Spider Woman
Émile Zola,Nana
J. G. Ballard,Empire of the Sun
James Thurber,The 13 Clocks
Samuel Richardson,Pamela
Pauline Reage,Story of O
Alejo Carpentier,The Kingdom of This World
Giovanni Verga,I Malavoglia
Martin Walser,Halftime
 Wyndham Lewis,The Apes of God
 Arnold Zweig,The Case of Sergeant Grischa
Günter Grass,Cat and Mouse
Romain Gary,The Roots of Heaven
Benito Pérez Galdós,Compassion
 Jim Dodge,Stone Junction: An Alchemical Pot-Boiler
Kenzaburō Ōe,"Nip the Buds, Shoot the Kids"
J. G. Farrell,The Singapore Grip
Chester Himes,Blind Man with a Pistol
Dorothy L Sayers,Murder Must Advertise
Simon Vestdijk,The Garden Where the Brass Band Played
Cesare Pavese,The Harvesters
Caterina Albert,Solitude
Kyŏng-ni Pak,Land
Saul Bellow,Dangling Man
Joost Zwagerman,Gimmick!
 Bolesław Prus,Pharaoh
Colin MacInnes,Absolute Beginners
Frances Hodgson Burnett,The House on the Borderland
Nikolai Leskov,The Enchanted Wanderer
James Ellroy,The Black Dahlia
Uwe Timm,The Invention of Curried Sausage
 Margaret Laurence,The Diviners
na,na
list details page,"129 ""best of"" book lists"
Henry James,What Maisie Knew
Jules Verne,Journey to the Center of the Earth
Christopher Isherwood,Mr Norris Changes Trains
Radclyffe Hall,The Well of Loneliness
Salman Rushdie,Shame
Eduardo Mendoza,A Light Comedy
Charles Kingsley,"The Water-Babies, A Fairy Tale for a Land Baby"
Paulo Coelho,The Devil and Miss Prym
Adalbert Stifter,Indian Summer
Naguib Mahfouz,Midaq Alley
Samuel Johnson,"The History of Rasselas, Prince of Abissinia"
Hella S. Haasse,Forever a Stranger
Sheridan Le Fanu,Uncle Silas
Aleksandar Hemon,Nowhere Man
Karel Čapek,War with the Newts
 Christa Wolf,Patterns of Childhood
Elena Poniatowska,"Here's to You, Jesusa!"
Stanisław Lem,Solaris
Anthony Trollope,Phineas Finn
 Walter Pater,Marius the Epicurean
 José Hernández,Martín Fierro
Harry Mathews,Cigarettes
Eilís Dillon,The Bitter Glass
Denis Diderot,The Nun
Miguel Delibes,The Heretic
Ismail Kadare,The Successor
Pedro Juan Gutierrez,Dirty Havana Trilogy
Milorad Pavic,Dictionary of the Khazars
Storm Jameson,A Day Off
 Thomas Mofolo,Chaka
John Barth,The Floating Opera
 Andre Brink,A Dry White Season
David Malouf,Remembering Babylon
Tove Jansson,The Summer Book
Victor Pelevin,The Life of Insects
Ann Radcliffe,The Mysteries of Udolpho
Gabriele D'Annunzio,Il Piacere
Philip Roth,Nemesis
Friedrich Dürrenmatt,The Judge and His Hangman
B. S. Johnson,House Mother Normal
Wolfgang Koeppen,The Hothouse
Hugo Claus,The Sorrow of Belgium
Yukio Mishima,The Sea of Fertility
Manuel Vázquez Montalbán,Southern Seas
Lawrence Durrell,Justine
 Wyndham Lewis,Tarr
Jo Jung-rae,Taebaek Sanmaek
 Tessa De Loo,The Twins
Siri Hustvedt,What I Loved
José Saramago,The History of the Siege of Lisbon
na,na
list details page,"129 ""best of"" book lists"
na,na
Nicolaas Beets,Camera Obscura
Max Frisch,Homo Faber
Botho Strauß,"Couples, Passersby"
Muriel Barbery,The Elegance of the Hedgehog
Etienne van Heerden,Ancestral Voices
Antun Šoljan,Luka
Thomas Deloney,"Thomas of Reading, Or, The Sixe Worthie Yeomen of the West"
Elfriede Jelinek,The Piano Teacher
Daniel Kehlmann,Measuring the World
László Krasznahorkai,The Melancholy of Resistance
Cees Nooteboom,All Souls' Day
Ismail Kadare,"Spring Flowers, Spring Frost"
Jan Jacob Slauerhoff,The Forbidden Kingdom
Gert Hofmann,The Parable of the Blind
Alberto Moravia,The Time of Indifference
R. K. Narayan,The Guide
 Barry Hines,A Kestrel for a Knave
V. S. Naipaul,The Enigma of Arrival
Mulk Raj Anand,Untouchable
Ernst Jünger,The Glass Bees
Alfredo Bryce Echenique,A World for Julius
Charles Robert Maturin,Melmoth the Wanderer
Xosé Neira Vilas,Memoirs of a Peasant Boy
Mariano Azuela,The Underdogs
 G. V. Desani,All about H. Hatterr
Ivan Vazov,Under the Yoke
Lorrie Moore,A Gate at the Stairs
Karl Philipp Moritz,Anton Reiser
Sam Selvon,The Lonely Londoners
Thomas Pynchon,Against the Day
Georges Perec,"W, or the Memory of Childhood"
Pavlos Matesis,The Daughter
Juan Goytisolo,Marks of Identity
Muriel Spark,The Girls of Slender Means
Georges Bataille,Blue of Noon
Richard Brautigan,Willard and His Bowling Trophies: A Perverse Mystery
Georges Perec,A Void
Michel Houellebecq,Whatever
Javier Cercas,Soldiers of Salamis
 Mariama Bâ,So Long a Letter
Jurek Becker,Jacob the Liar
 Ivo Andrić,The Bridge on the Drina
Edna O'Brien,Girl With Green Eyes
Jules Verne,Around the World in Eighty Days
José Saramago,Cain
Ivan Klíma,"Waiting for the Dark, Waiting for the Light"
Sawako Ariyoshi,The Twilight Years
Fernando Vallejo,Our Lady of the Assassins
John Wyndham,The Midwich Cuckoos
na,na
list details page,"129 ""best of"" book lists"
Ward Ruyslinck,The deadbeats: a novel
Louis Aragon,The Bells of Basel
Multatuli,Max Havelaar
 Willem Elsschot,Cheese
J. K. Huysmans,Down There
Felix Timmermans,Pallieter
Leonid Tsypkin,Summer in Baden-Baden
Iain Banks,The Crow Road
Edgar Allan Poe,The Fall of the House of Usher
Louis de Bernières,Captain Corelli's Mandolin
Anthony Burgess,Inside Mr. Enderby
 Padgett Powell,Typical: Stories
Douglas Adams,Dirk Gently's Holistic Detective Agency
Kōstas Tachtsēs,The Third Wedding
 Ivo Andrić,Bosnian Chronicle
 Erica Jong,Fear of Flying
Octavio Paz,The Labyrinth of Solitude
Georges Bataille,L'Abbé C
Ryū Murakami,Almost Transparent Blue
na,na
Angus Wilson,No Laughing Matter
Peter Handke,The Left-Handed Woman
 Henri Barbusse,Under Fire
Raymond Queneau,Exercises in Style
Jonathan Coe,What a Carve Up!
Henryk Sienkiewicz,Quo Vadis
Petros Markaris,The Late-night News
Ṣādiq Hidāyat,The Blind Owl
 David Dabydeen,Disappearance
Joan Didion,Democracy
Tsitsi Dangarembga,Nervous Conditions
Miyuki Miyabe,Crossfire
Margaret Atwood,Alias Grace
 Christa Wolf,The Quest for Christa T.
Lydia Davis,The End of the Story
Niccolò Ammaniti,I'm Not Scared
James Kelman,"Kieron Smith, Boy"
Doris Lessing,The Grass Is Singing
Edmund White,A Boy's Own Story
Paul Auster,Moon Palace
Roxana Robinson,Cost
A. S. Byatt,The Children's Book
Elizabeth Bowen,Eva Trout
Dashiell Hammett,The Thin Man
Ivan Turgenev,King Lear of the Steppes
Edgar Allan Poe,The Pit and the Pendulum
José Carlos Somoza,Lady Number Thirteen
 Maurice Blanchot,Death Sentence
 Giovanni Papini,Life of Christ
Guy de Maupassant,Une vie
na,na
list details page,"129 ""best of"" book lists"
Josef Škvorecký,The Engineer of Human Souls
David Leavitt,The Lost Language of Cranes
 Luis Martín-Santos,Time of Silence
Iris Murdoch,The Bell
Connie Palmen,The Laws
Jorge Amado,"Gabriela, Clove and Cinnamon"
Miguel de Cervantes,The Travels of Persiles and Sigismunda
A. L. Kennedy,Looking For The Possible Dance
Ciril Kosmač,A Day in Spring
Philipp Meyer,American Rust
Vassilis Vassilikos,Z
Julia Franck,The Blind Side of the Heart
Anatole France,Thaïs
György Konrád,The Case Worker
Christoph Ransmayr,The Last World
Kazuo Ishiguro,A Pale View of Hills
George Orwell,Keep the Aspidistra Flying
 Juan José Saer,The Witness
Edmund Wilson,I Thought of Daisy
Antonio Tabucchi,Pereira Maintains
Anna Seghers,Transit
Jeanette Winterson,Sexing the Cherry
H. G. Wells,The Island of Doctor Moreau
Wolfgang Koeppen,Death in Rome
Thomas Nashe,The Unfortunate Traveller
Tadeusz Borowski,"This Way for the Gas, Ladies and Gentlemen"
 Robert Merle,The Day of the Dolphin
Cees Nooteboom,Rituals
 Timothy Findley,The Wars
Colette,Claudine
Apostolos Doxiadis,Uncle Petros and Goldbach's Conjecture
Heinrich Böll,Group Portrait with Lady
 William Beckford,Vathek
Chinua Achebe,Arrow of God
Willa Cather,The Professor's House
 Charlotte Lennox,The Female Quixote
Patrick Suskind,The Pigeon
Emilia Pardo Bazán,The House of Ulloa
Elena Ferrante,Troubling Love
Henry Williamson,Tarka the Otter
Selma Lagerlöf,Gösta Berling's Saga
Oles Honchar,The Cathedral
 Charles Webb,The Graduate
Tomás Eloy Martínez,Santa Evita
Günter Grass,Dog Years
Eric Ambler,Cause for Alarm
Dorothy L Sayers,The Nine Tailors
 Camilo José Cela,Journey to the Alcarria
Luigi Pirandello,"One, No One and One Hundred Thousand"
Amy Hempel,Reasons to Live
na,na
list details page,"129 ""best of"" book lists"
E. E. Cummings,The Enormous Room
Emilio Salgari,Sandokan
Graham Greene,The Honorary Consul
Colm Tóibín,The Master
Nadine Gordimer,Burger's Daughter
Alice Munro,Lives of Girls and Women
Bharati Mukherjee,Holder of the World: A Novel
William Kotzwinkle,The Midnight Examiner
Nicole Krauss,The History of Love
Nella Larsen,Passing
Géza Gárdonyi,Eclipse of the Crescent Moon
Andrzej Szczypiorski,The Beautiful Mrs. Seidenman
Laurence Sterne,A Sentimental Journey Through France and Italy
Marquis de Sade,Justine
Italo Svevo,Senilità
Gore Vidal,Myra Breckinridge
Victor Serge,The Case of Comrade Tulayev
Zulfikar Ghose,The Triple Mirror of the Self
 Keith Waterhouse,Billy Liar
Janice Galloway,The Trick Is to Keep Breathing
Javier Marías,All Souls
Thomas Bernhard,Extinction
Eça de Queirós,The Crime of Father Amaro
Vladimir Bartol,Alamut
Rebecca West,The Return of the Soldier
François Mauriac,Viper’s Tangle
Danilo Kiš,"Garden, Ashes"
Elizabeth Gaskell,North and South
Saunders Lewis,Monica
Isaac Bashevis Singer,The Magician of Lublin
 Henri Barbusse,Hell
Jean-Jacques Rousseau,"Julie, or the New Heloise"
Maksim Gorky,The Artamonov Business
Marguerite Duras,The Vice-Consul
António Lobo Antunes,Fado Alexandrino
Ann-Marie MacDonald,Fall On Your Knees
Gabriel Garcia Marquez,No One Writes to the Colonel
Eugenia Fakinou,Astradeni
Nikos Kazantzakis,The Last Temptation of Christ
Manuel Puig,Heartbreak Tango
Jim Crace,Arcadia
George Eliot,Adam Bede
Raymond Roussel,Locus Solus
Dương Thu Hương,Paradise of the Blind
Alain de Botton,On Love
Sunetra Gupta,Memories of Rain
Jessica Anderson,The Commandant
Shashi Tharoor,The Great Indian Novel
Dorothy Richardson,Pilgrimage
Veijo Meri,The Manila Rope
na,na
list details page,"129 ""best of"" book lists"
Janet Frame,Faces In The Water
Slavenka Drakulic,As If I Am Not There
Émile Zola,Drunkard
Bessie Head,A Question of Power
Miroslav Krleža,On the Edge of Reason
Carmen Martín Gaite,The Back Room
Émile Zola,La Bête humaine
Per Olov Enquist,The Book about Blanche and Marie
Maria Edgeworth,Castle Rackrent
Frederik van Eeden,The Quest
Heinrich Böll,Billiards at Half-Past Nine
Hilda Doolittle,Asphodel
Flannery O'Connor,Everything That Rises Must Converge
Winifred Watson,Miss Pettigrew Lives for a Day
Matthew Lewis,The Monk
Bruno Schulz,The Street of Crocodiles
Michael Arlen,The Green Hat
Botho Strauß,The Young Man
Vladimir Nabokov,Pnin
J M Coetzee,In the Heart of the Country
Guy de Maupassant,Pierre et Jean
Jorge Amado,Tent of Miracles
 Bernardo Atxaga,Obabakoak
Bohumil Hrabal,Closely Watched Trains
Patrick White,The Tree of Man
Shahan Shahnour,Retreat Without Song
Walter Scott,Rob Roy
Alfred Kossmann,Smell of Sadness
Lorrie Moore,Like Life
Jorge Volpi Escalante,In Search of Klingsor
Lorrie Moore,Anagrams
Bruce Chatwin,On the Black Hill
Alessandro Baricco,Silk
Patricia Duncker,Hallucinating Foucault
Anaïs Nin,Delta of Venus
Alan Warner,Morvern Callar
Frank Schatzing,The Swarm
Novalis,Heinrich of Ofterdingen
Venedikt Yerofeev,Moscow-Petushki
Donald Barthelme,The Dead Father
August Strindberg,By the Open Sea
Jeffrey Eugenides,The Marriage Plot
A. S. Byatt,The Virgin in the Garden
Elizabeth Bowen,To the North
Nikolai Gogol,The Nose
Peter Ackroyd,Hawksmoor
 John Cleland,Fanny Hill
Shusaku Endo,Silence
Zhang Xianliang,Half of Man is Woman
Hubert Selby,Requiem for a Dream
na,na
list details page,"129 ""best of"" book lists"
Graham Swift,Waterland
 Arto Paasilinna,The Year of the Hare
Fanny Burney,Evelina
na,na
Marquis de Sade,The 120 Days of Sodom
Simone de Beauvoir,The Mandarins
Nella Larsen,Quicksand
Raymond Radiguet,Le Diable au corps
Clarice Lispector,The Passion According to G.H.
Carmen Laforet,Nada
Italo Calvino,The Path to the Nest of Spiders
Alice Munro,Who Do You Think You Are?
Ngugi wa Thiong'o,Matigari
Elio Vittorini,Conversations in Sicily
Nevil Shute,A Town Like Alice
 Patrick McCabe,The Butcher Boy
Naguib Mahfouz,Miramar
Erskine Caldwell,House in the Uplands
Ciro Alegría,Broad and Alien is the World
Henry Green,Back
Tobias Smollett,The Adventures of Peregrine Pickle
Ismail Kadare,Broken April
May Sinclair,Life and Death of Harriett Frean
Horace McCoy,"They Shoot Horses, Don't They?"
David Gemmell,Legend
David Jones,In Parenthesis
na,na
Alice Walker,Possessing the Secret of Joy
Yukio Mishima,The Sound of Waves
H. Rider Haggard,King Solomon's Mines
Jeffrey Eugenides,The Virgin Suicides
Ivan Turgenev,Torrents of Spring
Henry Fielding,Joseph Andrews
Jáchym Topol,"City, Sister, Silver"
Julián Ríos,Larva: Midsummer Night's Babel
Thomas Hardy,Far from the Madding Crowd
André Gide,Strait is the Gate
Stefan Zweig,Amok
Isaac Bashevis Singer,The Manor
Barbara Pym,Quartet in Autumn
Georges Perec,Things: A Story of the Sixties
Peter Handke,The Afternoon of a Writer
Thomas Mann,Joseph and His Brothers
Newton Thornburg,Cutter and Bone
Oliver Goldsmith,The Vicar of Wakefield
Lao She,Rickshaw Boy
Liviu Rebreanu,Forest of the Hanged
Elizabeth Taylor,Blaming
Stanisław Ignacy Witkiewicz,Insatiability
William Godwin,The Adventures of Caleb Williams
na,na
list details page,"129 ""best of"" book lists"
Guy de Maupassant,Bel Ami
Raymond Roussel,Impressions of Africa
Sylvia Townsend Warner,Summer Will Show
Edith Somerville,Some Experiences of an Irish R. M.
André Breton,Arcanum 17
André Gide,The Immoralist
Miroslav Krleža,The Return of Philip Latinowicz
M.J. Hyland,Carry Me Down
Anne Hébert,The First Garden
Carlo Cassola,Bébo's Girl
Gabrielle Roy,The Tin Flute
W. G. Sebald,Vertigo
Tobias Smollett,The Expedition of Humphry Clinker
Aldous Huxley,Crome Yellow
Scriblerus Club,Memoirs of Martinus Scriblerus
Viktor Pelevin,The Clay Machine-gun
Paulo Coelho,Veronika Decides to Die
James Kelman,The Busconductor Hines
P. G. Wodehouse,"Thank You, Jeeves"
Samuel Butler,Erewhon
Jaan Kross,Professor Martens' Departure
John Barth,Giles Goat-Boy
Marina Warner,Indigo
T. S. Eliot,Four Quartets
Akhil Sharma,Family Life
Garth Greenwell,What Belongs to You
Joy Williams,Honored Guest
Kelly Link,Magic for Beginners
Daniel Woodrell,Winter's Bone
Per Petterson,Out Stealing Horses
Colson Whitehead,The Intuitionist: A Novel
Pat Barker,The Ghost Road
N. Scott Momaday,House Made of Dawn
Tom McCarthy,Remainder
George Saunders,Lincoln in the Bardo
Caleb Carr,The Alienist
Elizabeth Berg,Talk Before Sleep
Rita Mae Brown,Rubyfruit Jungle
Denis Johnson,Tree of Smoke
Forrest Carter,The Education of Little Tree
Helen DeWitt,The Last Samurai
David Bradley,The Chaneysville Incident
Joseph O'Neill,Netherland
Anna Sewell,Black Beauty: The Autobiography of a Horse
Jack London,White Fang
Hilary Mantel,Bring Up the Bodies: A Novel
Bernard Malamud,The Magic Barrel
Charles Dickens,Dombey and Son
C S Forester,"Captain Hornblower R.N.: Hornblower and the 'Atropos', The Happy Return, A Ship of the Line"
Sarah Waters,The Little Stranger
na,na
list details page,"129 ""best of"" book lists"
Alice Sebold,The Lovely Bones
Ted Hughes,Collected Poems of Ted Hughes
William T. Vollmann,Europe Central
Andy Weir,The Martian
Michael Crichton,Jurassic Park
E L James,Fifty Shades of Grey: 
Kathryn Stockett,The Help
Keri Hulme,The Bone People
F. Scott Fitzgerald,The Beautiful and Damned 
Andre Dubus,The Times Are Never So Bad: A Novella and Eight Short Stories
William Faulkner,The Portable Faulkner
Arthur William Upfield,The Bone is Pointed: An Inspector Bonaparte Mystery #6 
Olive Beaupré Miller,My Book House
Sterling Allen Brown,The Negro Caravan: Writings by American Negroes
Anna Akhmatova,Requiem
Ezra Jack Keats,The Snowy Day
Nathaniel Hawthorne,The Blithedale Romance
Willa Cather,Shadows on the Rock
Patricia MacLachlan,"Sarah, Plain and Tall"
E. L. Doctorow,Billy Bathgate
W. H. Auden,The Age of Anxiety
Agatha Christie,The Mysterious Affair at Styles
G. K. Chesterton,The Innocence of Father Brown
Paul Horgan,The Richard Trilogy
Gina Berriault,Women in Their Beds
Molière,The School for Wives
Nathanael West,The Complete Works of Nathanael West
Stephen King,Carrie
P. G. Wodehouse,The Inimitable Jeeves
Isaac Bashevis Singer,Short Friday: And Other Stories
William Butler Yeats,The Wild Swans at Coole
Molière,The Would-Be Gentleman
B. F. Skinner,Walden Two
T. S. Eliot,The Complete Plays of T. S. Eliot
Thomas Wolfe,Of Time and the River: A Legend of Man's Hunger in His Youth
Alan Sillitoe,The Loneliness of the Long-distance Runner
Buchi Emecheta,The Bride Price
Molière,The Would-Be Invalid
Edna St. Vincent Millay,Renascence and Other Poems
Yukio Mishima,Confessions of a Mask
Langston Hughes,Best of Simple
Grace Metalious,Peyton Place
Gertrude Stein,Tender Buttons
Mark Twain,The Prince and the Pauper: A Tale for Young People of All Ages
Euripides,Alcestis
Galway Kinnell,Body Rags
Richard Wright,Eight Men: Short Stories
Anthony Trollope,The Eustace Diamonds
Henry Handel Richardson,The Fortunes Of Richard Mahony
Larry McMurtry,"Horseman, Pass By: A Novel"
na,na
list details page,"129 ""best of"" book lists"
Katherine Anne Porter,The Collected Stories of Katherine Anne Porter
Henry Fielding,Amelia
William Faulkner,A Rose for Emily
Anonymous,The Plum in the Golden Vase
Ferdowsi,Shahnameh
Alice Munro,Open Secrets: Stories
Eugene O'Neill,The Iceman Cometh
Arthur William Upfield,Death of a Lake
D. H. Lawrence,The Prussian Officer
Isaac Bashevis Singer,The Seance and Other Stories
Bertolt Brecht,Mother Courage and Her Children
James A. Emanuel (Comp),Dark symphony: Negro literature in America
Charlotte Perkins Gilman,Herland
William Butler Yeats,The Collected Plays of W.B. Yeats
Graham Greene,Monsignor Quixote
Jorge Luis Borges,Dreamtigers
E. L. Doctorow,The March
R. K. Narayan,The English Teacher
Henry James,The Beast in the Jungle
R. K. Narayan,Vendor Of Sweeets
Ernest Hemingway,The Short Happy Life of Francis Macomber
V. S. Naipaul,Guerrillas
John Updike,The Poorhouse Fair: A Novel
Yasunari Kawabata,Beauty and Sadness
Molière,The Miser
Knut Hamsun,Mysteries
Molière,Don Juan
Lillian Smith,Strange Fruit
George Orwell,Burmese Days
Siegfried Sassoon,War Poems of Siegfried Sassoon
Dr. Seuss,The Cat in the Hat
John Williams,Augustus
James Alexander Thom,Follow the River
Salman Rushdie,Haroun and the Sea of Stories
Julia Alvarez,In the Time of the Butterflies
Paul Scott,The Jewel In The Crown
Theodore Roszak,Flicker
Howard Pyle,The Merry Adventures of Robin Hood
Sybille Bedford,A Legacy
William H. Gass,In the Heart of the Heart of the Country
Norman Mailer,The Executioner's Song
Haruki Murakami,A Wild Sheep Chase
Doris May Lessing,The Memoirs of a Survivor
Philip Pullman,Northern Lights
Sven Delblanc,Samuels bok
Nils Ferlin,Collected Poems
Anita Brookner,Hotel du Lac
Hjalmar Soderberg,The Serious Game
Eyvind Johnson,The Days of His Grace
Georges Simenon,The bells of Bicêtre
na,na
list details page,"129 ""best of"" book lists"
Marilyn French,The Women's Room
Vilhelm Moberg,The Emigrants
Harry Martinson,The Road to Klockrike
Kerstin Ekman,Dog
Buchi Emecheta,Second-class Citizen
Par Lagerkvist,The Dwarf
Torgny Lindgren,Bathsheba
Frans G. Bengtsson,The Long Ships
Karin Boye,Kallocain
Hjalmar Soderberg,Doctor Glas
Per Anders Fogelström,Stockholm series
Astrid Lindgren,"Mio, My Son"
Harry Martinson,Flowering Nettle
Eric Linklater,The Wind on the Moon
Aksel Sandemose,The Werewolf
Yaşar Kemal,They Burn the Thistles
John Updike,The Early Stories
Jaan Kross,The Czar's Madman
Fritiof Nilsson Piraten,The Book-Dealer Who Ceased Bathing
Carl Jonas Love Almquist,The Queen's Tiara
P. C. Jersild,After the Flood
Italo Calvino,The Baron in the Trees
Erik Lindegren,The Man Without a Way
Selma Lagerlöf,The Emperor of Portugallia
Harry Martinson,Rhythms
Zaharia Stancu,Barefoot
Katherine Paterson,Bridge to Terabithia
T. S. Eliot,Prufrock and Other Observations
Arthur Miller,Death Of A Salesman
Bryce Courtenay,The Power of One
Aldous Huxley,Point Counter Point
Edgar Rice Burroughs,The Warlord of Mars
Munro Leaf,Story of Ferdinand
Platt & Munk,The Little Engine that Could
Jack London,The Scarlet Plague
Hugh Lofting,The Voyages of Doctor Dolittle
Edmund Dulac,Edmund Dulac's Fairy-Book
B B,The Little Grey Men
Will James,Smoky the Cowhorse
John Steinbeck,The Moon is Down
Henry Wadsworth Longfellow,The Song of Hiawatha
Pete Hamill,Forever: A Novel
Ellen Macgregor,Miss Pickerell Goes to Mars
Charles Reade,The Cloister and the Hearth
Augusta Tucker,Miss Susie Slagle's
Ludwig Lewisohn,The Island Within
Lisa See,Snow Flower and the Secret Fan
Marjane Satrapi,Persepolis Two
Frances Hodgson Burnett,The Secret Garden
Dorothy L Sayers,Busman’s Honeymoon
na,na
list details page,"129 ""best of"" book lists"
Robert A. Heinlein,The Moon is a Harsh Mistress
Umberto Eco,Baudolino
Ezra Pound,The Poetry of Ezra Pound
Russell Banks,Affliction
Gabriel Garcia Marquez,Chronicle of a Death Foretold
Ben Lerner,Leaving the Atocha Station
Joy Kogawa,Obasan
Rebecca Wells,Divine Secrets of the Ya-Ya Sisterhood
George Saunders,Tenth of December
Thomas Pynchon,Mason & Dixon
Susan Vreeland,Girl in Hyacinth Blue
Angela Carter,Wise Children
Dieter Wöhrle,Stories from the Lord Keuner
Andrey Platonov,Happy Moscow
Neil Gaiman,American Gods
Charles Dickens,The Old Curiosity Shop
C. J. Sansom,Dissolution: A Shardlake Novel
Vladimir Nabokov,The Gift
Juan Goytisolo,Count Julian
Judith Kerr,The Tiger Who Came to Tea 
Aleksandr Isaevich Solzhenit︠s︡yn,August 1914
Bao Ninh,The Sorrow Of War
Philip Pullman,The Golden Compass
P. G. Wodehouse,"Psmith, Journalist"
Judy Blume,Forever...
Antal Szerb,Journey by Moonlight
Agneta Pleijel,The Dog Star
Jill Murphy,The Worst Witch
Italo Calvino,Italian Folktales
Dezső Kosztolányi,Édes Anna
William Shakespeare,Henry V
Roddy Doyle,The Commitments
Roald Dahl,The Witches
R. K. Narayan,Swami and Friends
Per Olov Enquist,The Royal Physician's Visit: A Novel
Heinrich Böll,"And where Were You, Adam?"
Kamila Shamsie,Home Fire
Alfred Lord Tennyson,Poems of Alfred Lord Tennyson
Elif Shafak,The Forty Rules of Love
Rick Riordan,"Percy Jackson and the Olympians, Book One: Lightning Thief, The"
Lao She,Teahouse
Claire Adam,Golden Child
Adalbert Stifter,Stories of Adalbert Stifter
Karel Schoeman,Another Country
Andrey Voznesensky,Antiworlds
W. G. Sebald,The Rings of Saturn
Jean Paul,Siebenkäs
Jeff Kinney,Diary of a Wimpy Kid
Noel Streatfeild,Ballet Shoes
Carlos Fuentes,The Years with Laura Diaz
na,na
list details page,"129 ""best of"" book lists"
Eoin Colfer,Artemis Fowl
Xingjian Gao,Soul Mountain
Andrey Platonov,The Return and Other Stories
José Saramago,The Stone Raft
M. M. Kaye,The Far Pavilions
Nell Dunn,Poor Cow
Anthony Horowitz,Stormbreaker
Danilo Kiš,A Tomb for Boris Davidovich
James Plunkett,Strumpet City
Lemony Snicket,A Series of Unfortunate Events #1: The Bad Beginning
Han Shan,The Collected Songs of Cold Mountain
Ian Rankin,Knots and Crosses: An Inspector Rebus Novel
Georg Christoph Lichtenberg,Sudelbücher
Ismail Kadare,The Three-Arched Bridge
Shel Silverstein,Where the Sidewalk Ends
Enid Blyton,The Enchanted Wood
Julia Donaldson,The Gruffalo
Heinrich Mann,The Loyal Subject
Vassily Aksyonov,The Burn: A Novel in Three Books : (late Sixties--early Seventies)
Elias Lönnrot,The Kalevala
Yan Mo,The Garlic Ballads: A Novel
Michelle Magorian,Goodnight Mister Tom
Johann Peter Hebel,Schatzkästlein des Rheinischen Hausfreundes
Craig Thompson,Habibi
Edwidge Danticat,"Breath, Eyes, Memory"
John Boyne,The Boy in the Striped Pyjamas
Heinrich von Kleist,Stories
Kenzaburō Ōe,Somersault
Alan Moore,V for Vendetta
Brian Moore,The Lonely Passion of Judith Hearne
Curzio Malaparte,Kaputt
Jean Genet,Querelle
Milan Kundera,Identity: A Novel
Lars Saabye Christensen,The Half Brother: A Novel
Wilhelm Karl Raabe,"Abu Telfan, Return from the Mountains of the Moon"
Guillaume (de Lorris),Le Roman de la Rose
Jacqueline Susann,Valley of the Dolls
Amrita Pritam,The Skeleton
Yasunari Kawabata,The Dancing Girl of Izu and Other Stories
John Buchan,Mr Standfast
Abraham Verghese,Cutting for Stone
L. M. Montgomery,Emily of New Moon
Ivan Turgenev,First Love
Ben Okri,Astonishing the Gods
Bapsi Sidhwa,Ice-Candy-Man
India,"The Tootinameh; Or, Tales of a Parrot"
Kevin Barry,City of Bohane
Jilly Cooper,Riders
Jacqueline Wilson,The Story of Tracy Beaker
Vladimir Nabokov,The Real Life of Sebastian Knight
na,na
list details page,"129 ""best of"" book lists"
Anna Seghers,The Seventh Cross
Xi Xi,My City: A Hong Kong Story
Georg Buchner,Lenz
Gonzalo Torrente Ballester,La Saga/ Fuga de J. B./ The Saga/ Escape of J.B.
Ernst Bloch,Track
Vasily Grossman,Life and Fate
A. A Milne,The House at Pooh Corner
Yashar Kemal,"Memed, My Hawk"
Orhan Pamuk,The Black Book
Andrey Platonov,Soul and Other Stories
Heinrich Böll,The Collected Stories of Heinrich Boll
Philip Roth,The Counterlife
Philip Roth,Operation Shylock
William Shakespeare,Much Ado about Nothing
Michael Rosen,We're Going on a Bear Hunt
China,The Book of Songs
Omar El Akkad,American War
Tim Winton,Cloudstreet
Eric Carle,The Very Hungry Caterpillar
Gary Soto,Living Up The Street
Raymond Carver,What We Talk About When We Talk About Love
Anne Tyler,A Patchwork Planet
Patricia McCormick,Sold
James Clavell,Shogun
Thomas Love Peacock,Nightmare Abbey 
Julia Alvarez,Before We Were Free
Emmanuel Carrère,Lives Other Than My Own
Fred Moten,Black and Blur
Aimee Bender,The Particular Sadness of Lemon Cake
Elif Batuman,The Possessed
Frederick Seidel,Ooga-Booga
Colson Whitehead,Zone One
Mary Gaitskill,Veronica
Helen Oyeyemi,Mr. Fox
Miriam Toews,All My Puny Sorrows
Percival Everett,Erasure
Gary Indiana,Do Everything in the Dark
Hilton Als,White Girls
Amy Tan,The Bonesetter's Daughter
Joseph Conrad,Under Western Eyes
Elie Wiesel,Dawn
Cristina García,Dreaming in Cuban
Stephen King,Misery
Gaston Leroux,The Phantom of the Opera
Chimamanda Ngozi Adichie,Purple Hibiscus
Lensey Namioka,"Ties That Bind, Ties That Break"
Fannie Flagg,Fried Green Tomatoes
Robert Specht,Tisha
Czesław Miłosz,A Book of Luminous Things
Catherine Marshall,Christy
na,na
list details page,"129 ""best of"" book lists"
Monique Truong,The Book of Salt
N. K. Jemisin,The Broken Earth Trilogy
Peter Stamm,Seven Years
August Kleinzahler,Sleeping It Off in Rapid City
Louise Erdrich,The Last Report on the Miracles at Little No Horse: A Novel
Leni Zumas,Red Clocks
John Lanchester,Capital
Gary Shteyngart,Super Sad True Love Story
Denis Johnson,The Largesse of the Sea Maiden: Stories
Dana Spiotta,Eat the Document
Margaret Atwood,The MaddAddam Trilogy
Vivek Shanbhag,Ghachar Ghochar
Aleksandar Hemon,The Lazarus Project
Sam Lipsyte,Home Land
Anthony Marra,A Constellation of Vital Phenomena: A Novel
Tao Lin,Taipei
Richard Powers,The Time of Our Singing
Jami Attenberg,All Grown Up
Angie Thomas,The Hate U Give
Dennis Cooper,The Sluts
Eula Biss,Notes from No Man's Land: American Essays
J M Coetzee,Boyhood: Scenes from provincial life
Ngugi wa Thiong'o,Wizard of the Crow
Kevin Killian,Spreadeagle
Annie Proulx,Fine Just the Way It Is
Fanny Howe,The Needle's Eye
David Foster Wallace,Oblivion: Stories
Alexander McCall Smith,The No. 1 Ladies' Detective Agency
David Haynes,Retold African American Folktales
Erskine Caldwell,Tobacco Road
Robert R. McCammon,Boy's Life
James A. Michener,Chesapeake
Tanuja Desai Hidier,Born Confused
Allan Stratton,Chanda's Secrets
Richard Llewellyn,How Green Was My Valley
Grace Paley,Enormous Changes at the Last Minute
J. P. Donleavy,The Ginger Man
Isabel Allende,City of the Beasts
Mary Lawson,Crow Lake
Marge Piercy,"He, She and It"
Michael Ondaatje,Anil's Ghost
Allen Ginsberg,Collected Poems
Ingeborg Bachmann,Darkness Spoken: The Collected Poems
Ayi K. Armah,The Beautyful Ones are Not Yet Born
Sir Walter Scott,The Talisman
Qurratulain Hyder,River of Fire
Guy Deutscher,Through the Language Glass: Why the World Looks Different in Other Languages
Anzia Yezierska,Bread Givers: A Novel : a Struggle Between a Father of the Old World and a Daughter of the New
Margaret Atwood,"Selected Poems, 1965-1975"
Noah Gordon,The Physician
na,na
list details page,"129 ""best of"" book lists"
W. Bruce Cameron,A Dog's Purpose
Jack London,The Sea-Wolf
George Bernard Shaw,Candida: a Pleasant Play
Margaret Atwood,Selected Poems II: 1976 - 1986
Wilson Harris,Palace of the Peacock
Ernest Callenbach,Ecotopia
Edwidge Danticat,The Farming of Bones
Saul Bellow,Mr. Sammler's Planet
Colm Tóibín,Brooklyn
Isak Dinesen,Anecdotes of Destiny
E. L. Doctorow,World's Fair
Stephen King,It: A Novel
Anthony Doerr,All the Light We Cannot See
Ernest J. Gaines,A Lesson Before Dying
J. F. Powers,Morte D'Urban
Anne Tyler,Breathing Lessons
Adam Johnson,The Orphan Master's Son: A Novel
Gore Vidal,Burr
Colum McCann,Let the Great World Spin: A Novel
Richard Powers,The Echo Maker
John Barth,Chimera
Richard Russo,Empire Falls
Jean Stafford,The Collected Stories of Jean Stafford
Somadeva,Tales from the Kathasaritsagara
Jerome K. Jerome,Three Men in a Boat
Peter Matthiessen,Far Tortuga
Jack London,The Iron Heel
Deborah Eisenberg,Twilight of the Superheroes
Ngugi wa Thiong'o,Petals of blood
Han Kang,The Vegetarian: A Novel
James Patterson,"I, Alex Cross"
Edgar Allan Poe,The Murders in the Rue Morgue
Ottessa Moshfegh,Homesick for Another World
Nicholas Sparks,The Notebook
Mario Vargas Llosa,The Real Life of Alejandro Mayta
Robert R. McCammon,Swan Song
Elmore Leonard,Killshot
William P Young,The Shack
Nell Zink,Mislaid
Frank Peretti,This Present Darkness
Wilson Rawls,Where the Red Fern Grows
Jason Reynolds,Ghost
Alison Bechdel,The Essential Dykes to Watch Out For
Dave Hunt,The Mind Invaders
Edith Nesbit,The Railway Children
John Keats,Odes
Jean de Brunhoff,Histoire de Babar
Thomas Harris,Red Dragon
Gary Paulsen,Hatchet
Dean R. Koontz,Watchers
na,na
list details page,"129 ""best of"" book lists"
Tom Clancy,The Hunt for Red October
John Green,Looking for Alaska
Rivka Galchen,American Innovations
Carmen Maria Machado,Her Body and Other Parties: Stories
Ernest Cline,Ready Player One
Rómulo Gallegos,Doña Bárbara
Muriel Spark,The Ballad of Peckham Rye
Robert Jordan,The Wheel of Time Series
Tim LaHaye,Left Behind
Richard Bach,Jonathan Livingston Seagull
Arthur Ransome,Swallows and Amazons
Jean Plaidy,The Plantagenet Saga
Sister Souljah,The Coldest Winter Ever
Anthony Trollope,The Chronicles of Barsetshire
Earl Lovelace,The Wine of Astonishment
V. C. Andrews,Flowers in the Attic
Anthony Burgess,Nothing Like the Sun
Andrei Bely,Petersburg
Claud Cockburn,Beat the Devil
James Welch,The Indian Lawyer
D. M. Thomas,The White Hotel
Evelyn Waugh,The Ordeal of Gilbert Pinfold
James Salter,Light Years
Leslie Marmon Silko,The Almanac of the Dead
Blaise Cendrars,Moravagine
Stevie Smith,Novel on Yellow Paper
Kelly Link,Stranger Things Happen
Harry Crews,A Feast of Snakes
Edgar Allan Poe,The Narrative of Arthur Gordon Pym
Marge Piercy,Vida
Jan Potocki,The Manuscript Found in Saragossa
Edwin A. Abbott,Flatland: A Romance of Many Dimensions
Walter M. Miller,A Canticle for Leibowitz
Hilary Mantel,A Place of Greater Safety
Barbara Kingsolver,Animal Dreams
Eric Ambler,The Mask of Dimitrios
Elizabeth Taylor,Mrs Palfrey at the Claremont
Amitav Ghosh,Sea of Poppies
Jean Genet,Our Lady of the Flowers
Gore Vidal,Julian
Roald Dahl,The BFG
Jim Thompson,The Killer Inside Me
Norman Mailer,An American Dream
Richard Ford,The Sportswriter 
Wilfred Owen,The Poems of Wilfred Owen
Sappho,The Poems of Sappho
William Shakespeare,Julius Caesar
Henry Green,Party Going
William Shakespeare,As You Like it
Robert Louis Stevenson,Kidnapped
na,na
list details page,"129 ""best of"" book lists"
Leopold Von Sacher-Masoch,Venus in Furs
Tennessee Williams,The Glass Menagerie
Bernard Malamud,The Assistant
D. H. Lawrence,Selected Stories
Angela Carter,The Bloody Chamber And Other Stories
Leslie Marmon Silko,Ceremony
Tommaso Landolfi,Gogol's Wife
Lord Byron,Selected Poems of Lord Byron
Chester Himes,If He Hollers Let Him Go
Karl Marlantes,Matterhorn
James Crumley,The Last Good Kiss
Mario Vargas Llosa,The Storyteller
Barry Hannah,Ray
Maxine Hong Kingston,Tripmaster Monkey
Vikram Seth,The Golden Gate
Willa Cather,O Pioneers!
Frederik Pohl,Gateway
Jayne Anne Phillips,Machine Dreams
Jane Bowles,Two Serious Ladies
Henry James,The Bostonians
George MacDonald Fraser,Mr. American
Ernest Hebert,The Dogs of March
John Masters,The Deceivers
F. Scott Fitzgerald,This Side of Paradise
Mary Renault,The King Must Die
Ross Macdonald,Sleeping Beauty
Peter Matthiessen,At Play in the Fields of the Lord
Edna O'Brien,The House Of Splendid Isolation
Jamaica Kincaid,Lucy
E. M. Forster,Where Angels Fear to Tread
John Buchan,Greenmantle
Patricia C. Wrede,Dealing With Dragons
Carol Ann Duffy,Rapture
Haruki Murakami,Hard-Boiled Wonderland and the End of the World
J. D. Salinger,"Raise High the Roof Beam, Carpenters: And, Seymour, an Introduction"
Gene Wolfe,Shadow & Claw
G. K. Chesterton,The Man Who Was Thursday
Georgette Heyer,Black Sheep
Sally Rooney,Normal People
Thomas Bernhard,Woodcutters
Gene Wolfe,The Book of the New Sun
Terry Pratchett,Good Omens
Hesiod,The Theogony
Dave Eggers,You Shall Know Our Velocity
Richard Fariña,Been Down So Long it Looks Like Up to Me
John Crowley,"Little, Big"
Wendell Berry,Jayber Crow
Walter Mosley,Devil in a Blue Dress
Junot Diaz,Drown
Robin McKinley,The Blue Sword
na,na
list details page,"129 ""best of"" book lists"
Frances Hodgson Burnett,A Little Princess
Shirley Ann Grau,The Keepers of the House
John Edgar Wideman,Sent for You Yesterday
Howard Jacobson,The Finkler Question: A Novel
Benjamin Alire Sáenz,Everything Begins and Ends at the Kentucky Club
John Edgar Wideman,Philadelphia fire
E. Annie Proulx,Postcards
William Gaddis,A Frolic of His Own
Wright Morris,Plains Song
Alice Munro,The Love of a Good Woman
Peter Matthiessen,Shadow Country
Andrea Barrett,Ship Fever and Other Stories
John Hersey,A Bell for Adano
Richard Powers,The Overstory
John P. Marquand,The Late George Apley
Lily Tuck,The News from Paraguay
James McBride,The Good Lord Bird: A Novel
Reynolds Price,Kate Vaiden
Julia Peterkin,Scarlet Sister Mary
Bernardine Evaristo,"Girl, Woman, Other"
Penelope Fitzgerald,Offshore
Jim Crace,Being Dead
Charles Perrault,The Complete Fairy Tales of Charles Perrault
Karen Joy Fowler,We are All Completely Beside Ourselves
John Updike,The Centaur
Julia Glass,Three Junes
Louise Erdrich,The Round House
Elizabeth Strout,My Name Is Lucy Barton
Penelope Lively,Moon Tiger
Charles R. Johnson,Middle Passage
Nadine Gordimer,The Conservationist
Wallace Stegner,The Spectator Bird
Tobias Wolff,The Barracks Thief
Philip Roth,Everyman
James Salter,Dusk
Toby Olson,Seaview
Upton Sinclair,Dragon's Teeth
Margaret Wilson,The Able McLaughlins
William Faulkner,The Reivers
William Golding,Rites of Passage
Paul Harding,Tinkers
Ellen Gilchrist,Victory Over Japan: A Book of Stories
Larry Heinemann,Paco's Story
Wright Morris,The Field of Vision
Laurie Halse Anderson,Speak
Robert Lewis Taylor,The Travels of Jaimie McPheeters
Eleanor Catton,The Luminaries
Susan Sontag,In America
Allen Drury,Advise and Consent
Angela Carter,The Magic Toyshop
na,na
list details page,"129 ""best of"" book lists"
Conrad Richter,The Town
Steven Millhauser,Martin Dressler: The Tale of an American Dreamer
Louis Bromfield,Early Autumn
James Alan McPherson,Elbow Room
Harold L. Davis,Honey in the Horn
P. H. Newby,Something to Answer For
Margaret Ayer Barnes,Years of Grace
Ha Jin,War Trash
"A. B. Guthrie, Jr",The Way West
Stanley Elkin,George Mills
Jerzy Kosinski,Steps
Ernest Poole,His Family
Roald Dahl,The Wonderful Story of Henry Sugar
Kate Christensen,The Great Man
Alice McDermott,Charming Billy
Thomas Sigismund Stribling,The Store
Thomas Williams,The Hair of Harold Roux
John Gardner,October Light
Julie Otsuka,The Buddha in the Attic
Sherman Alexie,War Dances
Edna Ferber,So Big
Willa Cather,One of Ours
Adam Johnson,Fortune Smiles: Stories
Thomas Flanagan,The Year of the French
Conrad Richter,The Waters of Kronos
Edwin O'Connor,The Edge of Sadness
Jacqueline Woodson,Brown Girl Dreaming
Jerry Pinkney,The Lion and the Mouse
Jane Kenyon,Collected Poems
Deborah Eisenberg,The Collected Stories of Deborah Eisenberg: Stories
Jonathan Lethem,Motherless Brooklyn
Paul Scott,Staying On
Isaac Bashevis Singer,A Crown of Feathers and Other Stories
Phil Klay,Redeployment
Pete Dexter,Paris Trout
Sherman Alexie,The Absolutely True Diary of a Part-Time Indian
Oscar Hijuelos,The Mambo Kings Play Songs of Love
Grace Paley,The Collected Stories
Caroline Miller,Lamb in His Bosom
Stanley Elkin,Mrs. Ted Bliss
Herman Wouk,The Caine Mutiny
Josephine Winslow Johnson,Now in November
Stanley Middleton,Holiday
Bernice Rubens,The Elected Member
Jack Gilbert,Collected Poems
Ruth Prawer Jhabvala,Heat and Dust
Oliver La Farge,Laughing Boy
Peter Taylor,A Summons to Memphis
Bharati Mukherjee,The Middleman and Other Stories
Peter Taylor,The Old Forest
na,na
list details page,"129 ""best of"" book lists"
Walter Abish,How German Is It
David Storey,Saville
Booth Tarkington,Alice Adams
Edith Pearlman,Binocular Vision
Richard Wiley,Soldiers in Hiding
James Gould Cozzens,Guard of Honor
John le Carré,A Perfect Spy
Anna Burns,Milkman
Alison Lurie,Foreign Affairs
Barry Unsworth,Sacred Hunger
Ellen Glasgow,In This Our Life
John Casey,Spartina
Sabina Murray,The Caprices
John O'Hara,Ten North Frederick
Robert Olen Butler,A Good Scent from a Strange Mountain
Thornton Wilder,The Eighth Day
Leo Tolstoy,Resurrection: A Novel
Geraldine Brooks,March
Rafi Zabor,The Bear Comes Home
James Hannaham,Delicious Foods
Margaret Atwood,The Testaments
Andrew Sean Greer,Less
Elizabeth Strout,Olive Kitteridge
Mary Lee Settle,Blood Tie
Rachel Caine,Lord of Misrule: The Morganville Vampires
Martin Flavin,Journey in the Dark
Alice Oswald,Dart
N. K. Jemisin,The Fifth Season
Fyodor Dostoyevsky,The Gambler
Alain Robbe-Grillet,The Voyeur
Jack Vance,The Dying Earth
Bertolt Brecht,Galileo
Henry James,The American
Jean Toomer,Cane
Ernest Hemingway,Men Without Women
Don DeLillo,Libra
Tirso de Molina,The Trickster of Seville and His Guest of Stone
Fernando Pessoa,Mensagem
Alex Haley,Roots
Mark Helprin,Winter's Tale
Nancy Mitford,The Pursuit Of Love
Bernard Malamud,A New Life
Abdelrahman Munif,City of Salt
Elif Shafak,The Bastard of Istanbul
Naguib Mahfouz,Sugar Street
Naguib Mahfouz,Palace of Desire
Naguib Mahfouz,Palace Walk
Sir Walter Scott,Waverley
Eugène Ionesco,Rhinoceros and Other Plays
Yasunari Kawabata,Snow Country
na,na
list details page,"129 ""best of"" book lists"
Colm Toibin,The Heather Blazing
Iris Murdoch,An Accidental Man
R. K. Narayan,Waiting for the Mahatma
Eça de Queirós,The Illustrious House of Ramires
William S. Burroughs,Cities of the Red Night: A Novel
Lyn Hejinian,My Life and My Life in the Nineties
Beryl Bainbridge,The Bottle Factory Outing
Martin Amis,The Rachel Papers
Carson McCullers,The Ballad of the Sad Cafe
Fleur Jaeggy,Sweet Days of Discipline
Maryse Condé,"I, Tituba, Black Witch of Salem"
Primo Levi,The Periodic Table
Roberto Bolaño,Distant Star
Thomas Bernhard,The Loser
Henry James,The Spoils of Poynton
James Ellroy,L.A. Confidential 
John Williams,Stoner
Ba Jin,Cold Nights
Kobo Abe,The Woman in the Dunes
Josephine Tey,The Daughter of Time
Philip K. Dick,VALIS
Thomas Mann,The Black Swan
Ian Fleming,Diamonds Are Forever
T. C. Boyle,Stories
Emily Brontë,The Poems of Emily Bronte
Unknown,The Protocols of the Elders of Zion
Unknown,Poem of the Cid
Robert Louis Stevenson,The Master of Ballantrae: A Winter's Tale
Henrik Ibsen,An Enemy of the People
Jack Kerouac,The Subterraneans
Alexander Pope,The Rape of the Lock
Anatole France,Penguin Island
Francis Bacon,New Atlantis
Jerzy Kosinski,The Painted Bird 
H. G. Wells,The Invisible Man
A. E. Housman,The Collected Poems of A. E. Housman
Albert C. Outler,John Wesley's Sermons: An Anthology
Lodovico Ariosto,The Orlando Furioso
Anaïs Nin,A Spy In The House Of Love
Vladimir Nabokov,The Stories of Vladimir Nabokov
Walter Savage Landor,The Works of Walter Savage Landor
Herman Melville,Benito Cereno
Unknown,Orpheus and Eurydice
Charles Dickens,Nicholas Nickleby
Iris Murdoch,The Unicorn
Iris Murdoch,The Green Knight
Matsuo Bashō,Poems of Matsuo Bashō
Thomas Hardy,The Short Stories Of Thomas Hardy 
Theodore Roethke,The Collected Poems of Theodore Roethke
Alexander Pushkin,The Poetry of Alexander Pushkin
na,na
list details page,"129 ""best of"" book lists"
Elizabeth Barrett Browning,Sonnets from the Portuguese
John Cheever,Falconer
Ivan Turgenev,A Reckless Character and Other Stories
Carl Gustav Jung,Two Essays on Analytical Psychology
James Fenimore Cooper,The Pioneers
Evelyn Waugh,Vile Bodies
Tennessee Williams,Cat on a Hot Tin Roof 
Seneca,Thyestes
Unknown,Reynard the Fox
Ben Jonson,Volpone
William Shakespeare,The Winter's Tale
Philip K. Dick,Ubik
Colin Dexter,The Remorseful Day
James Baldwin,Early Novels and Stories
Unknown,The Twelve Labours of Hercules
Hart Crane,The Bridge
August Strindberg,The Father
Edgar Lee Masters,Spoon River Anthology
Anonymous,Everyman
Ian Fleming,From Russia with Love
T. C. Boyle,Water Music
Patrick Hamilton,Hangover Square: A Story of Darkest Earl's Court
Fay Weldon,The Hearts and Lives of Men: A Novel
Unknown,The Quest for the Golden Fleece
August Strindberg,Miss Julie
Unknown,The Song of Roland
Hesiod,Works and Days
Christopher Isherwood,The Berlin Stories
Nikolai Gogol,Stories of Nikolai Gogol
H. Rider Haggard,She
Alexander Pope,An Essay on Man
Anna Gavalda,I Wish Someone Were Waiting for Me Somewhere
Ali Smith,Autumn
Michael Chabon,Wonder Boys
George Rippey Stewart,Earth Abides
Mark Z. Danielewski,House of Leaves
Anne Enright,The Green Road
Julian Barnes,Levels of Life
Agota Kristof,The Notebook: The Proof ; The Third Lie : Three Novels
Seamus Heaney,Human Chain
Terry Pratchett,Night Watch
Shirley Jackson,The Haunting of Hill House 
Zadie Smith,On Beauty
Clive Barker,Books of Blood
Richard Matheson,I Am Legend
Lauren Groff,Fates and Furies
H. P. Lovecraft,Tales of H. P. Lovecraft
Emily St John Mandel,Station Eleven
Pat Barker,The Silence of the Girls
Chuck Palahniuk,Haunted
na,na
list details page,"129 ""best of"" book lists"
Stephen Wright,Going Native
John le Carré,The Constant Gardener
Ray Bradbury,The Stories of Ray Bradbury
Javier Marías,The Infatuations
Zoë Heller,Notes on a Scandal
Mohsin Hamid,Exit West
Olga Tokarczuk,Drive Your Plow Over the Bones of the Dead
Sarah Hall,The Electric Michelangelo
Yuri Herrera,Signs Preceding the End of the World
Ted Chiang,Stories of Your Life and Others
Jim Crace,Harvest
David Mitchell,Ghostwritten
Neil Gaiman,Coraline
Donald Barthelme,Sixty Stories
Philip K. Dick,Selected Stories of Philip K. Dick
Kate Atkinson,Case Histories
John McGahern,That They May Face the Rising Sun
Jenny Erpenbeck,Visitation
M. John Harrison,Light
Helen Dunmore,The Siege
Ali Smith,The Accidental
Nicola Barker,Darkmans
Hanya Yanagihara,A Little Life
Cormac McCarthy,No Country for Old Men
Alain Mabanckou,Broken Glass
Margaret Atwood,Cat's Eye
Haruki Murakami,"South of the Border, West of the Sun: A Novel"
Ulrich Plenzdorf,Die neuen Leiden des jungen W.
Yasushi Inoue,The Hunting Gun
Philippe Djian,Betty Blue: The Story of a Passion
Jakob Wassermann,Der Fall Mauritius
Carlos Ruiz Zafon,The Shadow of the Wind
Lion Feuchtwanger,Success: Three Years in the Life of a Province
Bertolt Brecht,The Good Person of Szechwan
Friedrich Dürrenmatt,The Physicists
Isaac Bashevis Singer,Shadows on the Hudson: A Novel
Karl Kraus,The Last Days of Mankind
Frederick Forsyth,The Day of the Jackal
Gotthold Ephraim Lessing,Nathan the Wise
Kurt Tucholsky,Castle Gripsholm
Raymond Chandler,"Farewell, My Lovely: A Novel"
Honore De Balzac,Splendors and Miseries of Courtesans
Brian Moore,The Statement
Heinrich Böll,The Clown
Cormac McCarthy,The Crossing
Raymond Carver,Where I'm Calling From
Friedrich Schiller,"Don Carlos: Infante of Spain, a Drama in Five Acts"
Erich Kästner,The Animals' Conference
Birgit Vanderbeke,Alberta empfängt einen Liebhaber
Cormac McCarthy,Cities of the Plain
na,na
list details page,"129 ""best of"" book lists"
Celeste Ng,Little Fires Everywhere
Sebastian Barry,The Secret Scripture
Richard Price,Clockers
Colson Whitehead,The Nickel Boys
James Salter,A Sport and a Pastime
Edward Lear,Edward Lear's Book of Nonsense
Susanna Clarke,Jonathan Strange and Mr Norrell
Madeline Miller,Circe
Robert Bringhurst,Masterworks of the Classical Haida Mythtellers
Robert Coover,The Public Burning
Dennis Lehane,Mystic River
William S. Burroughs,Nova Express
William S. Burroughs,The Ticket That Exploded
William S. Burroughs,The Soft Machine
Uwem Akpan,Say You’re One of Them
Raymond Federman,Take It Or Leave It
Karen Russell,Swamplandia!
Joyce Carol Oates,Black Water
Jacques Prévert,Words
Hergé,The Blue Lotus
Lisa Ko,The Leavers
Janet Lewis,The Wife of Martin Guerre
Rene Goscinny,Asterix the Gaul
Eugène Ionesco,The Bald Soprano
Brandon Sanderson,The Way of Kings
Marguerite Yourcenar,The Abyss
William T. Vollmann,The Rifles
John Darnielle,Wolf in White Van
Amy Hempel,The Collected Stories of Amy Hempel
Jean Giono,The Horseman on the Roof
Samuel R. Delany,Dhalgren
Ta-Nehisi Coates,The Water Dancer
Shaun Tan,The Arrival
Rikki Ducornet,The Stain: A Novel
François Mauriac,Thérèse Desqueyroux
Rikki Ducornet,The Fountains of Neptune
Rikki Ducornet,The Jade Cabinet
Kenzaburō Ōe,A Personal Matter
Rikki Ducornet,Entering Fire
Meg Rosoff,How I Live Now
William Gibson,Count Zero
William Gibson,Mona Lisa Overdrive
Stefan Zweig,Confusion
William Trevor,William Trevor: The Collected Stories
Pat Barker,The Eye in the Door
Erin Morgenstern,The Night Circus
Alice Munro,Runaway
Joseph McElroy,Lookout cartridge
Sandra Cisneros,The House on Mango Street
Vercors,Silence de la Mer
na,na
list details page,"129 ""best of"" book lists"
Esther Forbes,A Mirror for Witches
Paul C. Metcalf,Genoa: a telling of wonders
Alan Garner,Thursbitch
Zadie Smith,Swing Time
Isabel Allende,Eva Luna
Patrick Rothfuss,The Wise Man's Fear
Raymond Federman,Double Or Nothing
Ann Patchett,Commonwealth
Elizabeth Taylor,The Soul of Kindness
Milan Kundera,The Joke
John Hawkes,The Cannibal: Novel
Robert Harris,The Ghost
Barbara Pym,Less Than Angels
Christopher Bollen,The Destroyers
Louis Aragon,Aurélien
J M Coetzee,Youth
Terry McMillan,Waiting to Exhale
Paul Claudel,The Satin Slipper
Michelle Paver,Wolf Brother
Helen Oyeyemi,"Boy, Snow, Bird"
Bertolt Brecht,The Resistible Rise of Arturo Ui
Michel Tournier,Friday
Eimear McBride,The Lesser Bohemians
John le Carré,The Night Manager
Jon McGregor,If Nobody Speaks of Remarkable Things
Ian Rankin,Fleshmarket Close
Ursula K. Le Guin,Always Coming Home
T. Coraghessan Boyle,Drop City
Jacqueline Woodson,Red at the Bone
Colette,Tendrils of Vines
Edwidge Danticat,Krik? Krak!
Paul Éluard,Capital of Pain
Jack London,Martin Eden
Hugo Pratt,Ballad of the Salt Sea
George Frederick Ruxton,Life in the Far West
Ottessa Moshfegh,Eileen
Neil Astley,Staying Alive
R. F. Kuang,The Poppy War
Russell Hoban,Riddley Walker
William Eastlake,The Bronc People
William Eastlake,Go in Beauty
Jonathan Littell,The Kindly One
William Eastlake,Portrait of an Artist with 26 Horses
Stanley Elkin,The Franchiser
Selma Lagerlöf,The Wonderful Adventures of Nils
David Garnett,Lady into Fox
Tom Robbins,Skinny Legs and All
Ray Bradbury,The Martian Chronicles
Jeanette Winterson,The PowerBook
R. O. Kwon,The Incendiaries
na,na
list details page,"129 ""best of"" book lists"
J. M. G. Le Clezio,The Interrogation
Ben Marcus,The Age of Wire and String
Haruki Murakami,"Blind Willow, Sleeping Woman"
Nathalie Sarraute,Tropisms
Harry Mathews,Tlooth
Elizabeth McCracken,Bowlaway
Christopher Logue,War Music
David Peace,The Damned Utd
Hank Green,An Absolutely Remarkable Thing
Roald Dahl,Matilda
Ruth Rendell,A Sight for Sore Eyes
Iris Murdoch,The Flight from the Enchanter
Michael Donaghy,Collected Poems of Michael Donaghy
Gene Wolfe,The Citadel of the Autarch
Gene Wolfe,The Shadow of the Torturer
Gene Wolfe,The Claw Of The Conciliator
Gene Wolfe,The Sword of the Lictor
Hannah Tinti,The Twelve Lives of Samuel Hawley
L. P. Hartley,Eustace and Hilda
Jay McInerney,"Bright Lights, Big City"
William Kennedy,Legs
Roald Dahl,James and the Giant Peach
William Kennedy,Billy Phelan's Greatest Game
William H. Gass,The Tunnel
Claire Messud,The Emperor's Children
Ismail Kadare,The General of the Dead Army
William Faulkner,"Go Down, Moses"
William H. Gass,Omensetter's Luck
Gordon Burn,Born Yesterday
Nnedi Okorafor,Who Fears Death
Georges Simenon,The Strange Case of Peter the Lett
Salman Rushdie,The Enchantress of Florence
Louis Sachar,Holes
Alexander Theroux,Darconville's Cat
Ronald Sukenick,Up
Eudora Welty,The Golden Apples
Roxane Gay,An Untamed State
Michael Cunningham,A Home at the End of the World
Ishmael Reed,Yellow Back Radio Broke-Down
Wells Tower,"Everything Ravaged, Everything Burned"
Scott Smith,The Ruins
René Char,Furor and Mystery
William T. Vollmann,You Bright and Risen Angels
Annie Proulx,Close Range: Wyoming Stories
James Hadley Chase,No Orchids for Miss Blandish
Robert Coover,The Universal Baseball Association
Edgar P. Jacobs,Blake and Mortimer
Steve Katz,Creamy and Delicious
Louise Erdrich,LaRose
Meg Wolitzer,The Interestings
na,na
list details page,"129 ""best of"" book lists"
Ottessa Moshfegh,My Year of Rest and Relaxation
Elizabeth Strout,Anything Is Possible
Scott Turow,Presumed Innocent
Michel Butor,Second Thoughts
Theodore Sturgeon,More Than Human
Hannah Arendt,The Burden of Our Time
Walker Percy,The Last Gentleman
Seamus Heaney,District and Circle
Neil Gaiman,The Ocean at the End of the Lane
Gilbert Sorrentino,Mulligan Stew
Sarah Hall,The Carhullan Army
Bernardine Evaristo,The Emperor's Babe
Allegra Goodman,Kaaterskill Falls
Henry Miller,The Rosy Crucifixion
Alvaro Enrigue,Sudden Death
Ted Mooney,Easy Travel to Other Planets
Saint-John Perse,Amers
André Franquin,Gaston
Steve Erickson,Tours of the Black Clock
Barbara Kingsolver,Flight Behavior
Kathy Acker,In Memoriam to Identity
Mick Imlah,The Lost Leader
Alice Hoffman,Practical Magic
Meg Wolitzer,The Position
Samuel Delany,Hogg
Colette,The Pure and the Impure
Katherine Anne Porter,Flowering Judas and Other Stories
Renata Adler,Speedboat
Justin Cartwright,Leading the Cheers
Julia Alvarez,How the Garcia Girls Lost Their Accents
Jim Crace,Quarantine
Rick Moody,The Ice Storm: A Novel
Doris Lessing,African Stories
William Trevor,Felicia's Journey
Glen David Gold,Carter Beats The Devil
Frederick Exley,A Fan's Notes
P. G. Wodehouse,Joy in the Morning
Virginia Woolf,The Voyage Out
Beryl Bainbridge,Every Man for Himself
Iris Murdoch,The Sacred and Profane Love Machine
William Shakespeare,"Henry IV, Part I"
William Shakespeare,The Taming of the Shrew
Stef Penney,The Tenderness of Wolves
Alan Lightman,Einstein's Dreams
Susan Hill,The Bird of Night
Tom Spanbauer,I Loved You More
Raymond Carver,"Will You Please be Quiet, Please?"
Kate Christensen,The Epicure's Lament
Bernard Malamud,The Natural
Michael Chabon,The Yiddish Policemen's Union
na,na
list details page,"129 ""best of"" book lists"
Jane Gardam,The Queen of the Tambourine
Peter Handke,A Sorrow Beyond Dreams
Jack London,The Complete Short Stories of Jack London
John Hawkes,The Lime Twig
David Lodge,How Far Can You Go?
Rudyard Kipling,If: A Father's Advice to His Son
Shiva Naipaul,The Chip Chip Gatherers
Penelope Fitzgerald,The Beginning of Spring
Thomas A. Green,Native American Folktales
Jayne Anne Phillips,Black Tickets
Arthur Rimbaud,Le Bateau Ivre
Alasdair Gray,Poor Things
Kate Atkinson,Behind of the Scenes at the Museum
Christopher Hope,Kruger's Alp
John Ashbery,Rivers and Mountains
James Weldon Johnson,Autobiography of an Ex-Colored Man
Steven Millhauser,Dangerous Laughter
Menander,The Dyskolos
Paul Sayer,The Comforts of Madness
Jeff Torrington,Swing Hammer Swing!
Pushcart Prize,Pushcart Prize Anthology
Christopher Marlowe,The Tragical History of Doctor Faustus
Colette,Cheri
William McIlvanney,Docherty
Marianne Moore,The Complete Poems of Marianne Moore
George Saunders,CivilWarLand in Bad Decline
Mary Gaitskill,Bad Behavior: Stories
Leigh Hunt,"Foliage: Or, Poems Original and Translated"
Dan Simmons,The Terror
Don Winslow,Savages: A Novel
Andrew Miller,Pure
Patrick Neate,Twelve Bar Blues
Arthur Conan Doyle,The Sign of Four
Anne Tyler,Searching for Caleb
Japan,Hagoromo: A Celestial Robe
Sylvia Townsend Warner,Lolly Willowes
Benjamin Disraeli,Sybil: Or The Two Nations
Kobo Abé,The Box Man
Christopher Isherwood,A Single Man
Rita Dove,On the Bus with Rosa Parks
David Wroblewski,The Story Of Edgar Sawtelle
Claude McKay,Home to Harlem
Wesley Brown,Tragic Magic
Joy Williams,The Changeling
Ann Beattie,Falling in Place
Jack Kerouac,The Dharma Bums
Beryl Bainbridge,Injury Time
Peter Handke, Kaspar and Other Plays
Kahlil Gibran,The Collected Works
Susan Sontag,"I, etcetera"
na,na
list details page,"129 ""best of"" book lists"
Dashiell Hammett,The Continental Op
Michael Frayn,Spies
Heinrich Hoffmann,"Struwwelpeter, Or, Merry Rhymes and Funny Pictures..."
Audrey Niffenegger,The Time Traveler's Wife
Jonathan Safran Foer,Extremely Loud and Incredibly Close
Anaïs Nin,"The Diary of Anais Nin, 1931-1934"
Zora Neale Hurston,The Complete Stories
Paul Auster,City of Glass
Hubert Selby,Last Exit to Brooklyn
George Peele,The Works of George Peele
John Updike,The Coup
Joan Brady,Theory of War
Frank O'Hara,Collected Poems of Frank O'Hara
Chris Ware,Building Stories
Andrew Marvell,Selected Poems
W. C. Heinz,The Professional
Nicholas Mosley,Hopeful Monsters
Siri Hustvedt,The Blazing World
Jennifer Johnston,The Old Jest
Gabriela Mistral,Selected Poems of Gabriela Mistral
Peter Taylor,Collected Stories of Peter Taylor
Hilda Doolittle,Collected Poems 1912-1944
Rose Tremain,Music and Silence
Paule Marshall,"Brown Girl, Brownstones"
Katherine Dunn,Geek Love: A Novel
Barry Gifford,Wild at Heart: The Story of Sailor and Lula
Max Frisch,Man in the Holocene
Michel Faber,The Book of Strange New Things
Douglas Dunn,Elegies
Rudy Wurlitzer,Nog
H. G. Wells,The History of Mr. Polly
Claire Tomalin,Samuel Pepys: The Unequalled Self
Saki,Collected Short Stories of Saki
John Wain,Young Shoulders
Martin Amis,Time's Arrow
Norman Mailer,Advertisements for Myself
William Trevor,Fools of Fortune
Lindsay Clarke,The Chymical Wedding
Kenneth Koch,Thank You and Other Poems
Kent Haruf,Plainsong
Ian McEwan,Saturday
William Shakespeare,The Merchant of Venice
John Hawkes,Blood Oranges
Lewis Carroll,"The Hunting of the Snark: An Agony, in Eight Fits"
Amos Tutola,The Palm-Wine Drinkard
Ian McEwan,The Child in Time
Charles Dickens,Hard Times
Gerda Charles,The Destiny Waltz
Maggie O'Farrell,The Hand That First Held Mine
Robertson Davies,The Cunning Man
na,na
list details page,"129 ""best of"" book lists"
Don Paterson,Landing Light
John Steinbeck,The Pearl
William Boyd,Restless
Dr. Seuss,Green Eggs and Ham
David Mamet,Sexual Perversity in Chicago
Audre Lorde,The Collected Poems of Audre Lorde
Barry Hannah,Airships
Adrienne Rich,"Poems: Selected and New, 1950-1974"
Seamus Heaney,The Spirit Level
China,The Three Hundred Tang Poems
Maurice Leitch,Silver City
Ambrose Bierce,An Occurrence at Owl Creek Bridge
Langston Hughes,The Collected Poems of Langston Hughes
H. G. Wells,Best Science Fiction Stories of H. G. Wells
Peru,Apu Ollontay
Matthew Kneale,English Passengers
Roland Barthes,Mythologies
Paul Theroux,Picture Palace
Unknown,Kabbalah
Maxim Gorky,The Collected Short Stories of Maxim Gorky
Charles Bukowski,Women
Christina Georgina Rossetti,Christina Rossetti: The Complete Poems
Max Apple,The Oranging of America
Stephen Crane,Maggie: A Girl of the Streets
William Trevor,The Children of Dynmouth
Maurice Sendak,Outside Over There
Rodrigo Fresán,The Invented Part
Karen Blixen,Seven Gothic Tales
Cynthia Ozick,The Shawl
A. L. Kennedy,Day
na,na
